DEBUG - 2026-04-23 06:29:17 --> Session: Class initialized using 'CodeIgniter\Session\Handlers\FileHandler' driver.
DEBUG - 2026-04-23 06:29:19 --> Session: Class initialized using 'CodeIgniter\Session\Handlers\FileHandler' driver.
DEBUG - 2026-04-23 06:29:30 --> Session: Class initialized using 'CodeIgniter\Session\Handlers\FileHandler' driver.
DEBUG - 2026-04-23 06:29:31 --> Session: Class initialized using 'CodeIgniter\Session\Handlers\FileHandler' driver.
DEBUG - 2026-04-23 06:29:33 --> Session: Class initialized using 'CodeIgniter\Session\Handlers\FileHandler' driver.
DEBUG - 2026-04-23 06:29:36 --> Session: Class initialized using 'CodeIgniter\Session\Handlers\FileHandler' driver.
DEBUG - 2026-04-23 06:29:42 --> Session: Class initialized using 'CodeIgniter\Session\Handlers\FileHandler' driver.
DEBUG - 2026-04-23 06:29:49 --> Session: Class initialized using 'CodeIgniter\Session\Handlers\FileHandler' driver.
DEBUG - 2026-04-23 06:29:55 --> Session: Class initialized using 'CodeIgniter\Session\Handlers\FileHandler' driver.
DEBUG - 2026-04-23 06:29:55 --> Session: Class initialized using 'CodeIgniter\Session\Handlers\FileHandler' driver.
DEBUG - 2026-04-23 06:31:03 --> Session: Class initialized using 'CodeIgniter\Session\Handlers\FileHandler' driver.
DEBUG - 2026-04-23 06:31:11 --> Session: Class initialized using 'CodeIgniter\Session\Handlers\FileHandler' driver.
DEBUG - 2026-04-23 06:33:40 --> Session: Class initialized using 'CodeIgniter\Session\Handlers\FileHandler' driver.
DEBUG - 2026-04-23 06:33:45 --> Session: Class initialized using 'CodeIgniter\Session\Handlers\FileHandler' driver.
DEBUG - 2026-04-23 06:33:48 --> Session: Class initialized using 'CodeIgniter\Session\Handlers\FileHandler' driver.
DEBUG - 2026-04-23 06:33:53 --> Session: Class initialized using 'CodeIgniter\Session\Handlers\FileHandler' driver.
DEBUG - 2026-04-23 06:33:56 --> Session: Class initialized using 'CodeIgniter\Session\Handlers\FileHandler' driver.
DEBUG - 2026-04-23 06:34:52 --> Session: Class initialized using 'CodeIgniter\Session\Handlers\FileHandler' driver.
DEBUG - 2026-04-23 06:34:56 --> Session: Class initialized using 'CodeIgniter\Session\Handlers\FileHandler' driver.
DEBUG - 2026-04-23 06:35:16 --> Session: Class initialized using 'CodeIgniter\Session\Handlers\FileHandler' driver.
DEBUG - 2026-04-23 06:35:17 --> Session: Class initialized using 'CodeIgniter\Session\Handlers\FileHandler' driver.
DEBUG - 2026-04-23 06:35:18 --> Session: Class initialized using 'CodeIgniter\Session\Handlers\FileHandler' driver.
DEBUG - 2026-04-23 06:35:19 --> Session: Class initialized using 'CodeIgniter\Session\Handlers\FileHandler' driver.
DEBUG - 2026-04-23 06:35:20 --> Session: Class initialized using 'CodeIgniter\Session\Handlers\FileHandler' driver.
DEBUG - 2026-04-23 06:35:24 --> Session: Class initialized using 'CodeIgniter\Session\Handlers\FileHandler' driver.
DEBUG - 2026-04-23 06:35:31 --> Session: Class initialized using 'CodeIgniter\Session\Handlers\FileHandler' driver.
DEBUG - 2026-04-23 06:36:56 --> Session: Class initialized using 'CodeIgniter\Session\Handlers\FileHandler' driver.
DEBUG - 2026-04-23 06:36:56 --> Session: Class initialized using 'CodeIgniter\Session\Handlers\FileHandler' driver.
DEBUG - 2026-04-23 15:05:31 --> Session: Class initialized using 'CodeIgniter\Session\Handlers\FileHandler' driver.
DEBUG - 2026-04-23 15:05:32 --> Session: Class initialized using 'CodeIgniter\Session\Handlers\FileHandler' driver.
DEBUG - 2026-04-23 15:09:18 --> Session: Class initialized using 'CodeIgniter\Session\Handlers\FileHandler' driver.
DEBUG - 2026-04-23 15:09:19 --> Session: Class initialized using 'CodeIgniter\Session\Handlers\FileHandler' driver.
DEBUG - 2026-04-23 15:13:37 --> Session: Class initialized using 'CodeIgniter\Session\Handlers\FileHandler' driver.
CRITICAL - 2026-04-23 15:29:54 --> ErrorException: Undefined variable $authFilter
[Method: GET, Route: peminjaman]
in APPPATH\Config\Routes.php on line 66.
 1 APPPATH\Config\Routes.php(66): CodeIgniter\Debug\Exceptions->errorHandler(2, 'Undefined variable $authFilter', 'C:\\xampp\\htdocs\\bukustan\\app\\Config\\Routes.php', 66)
 2 SYSTEMPATH\Router\RouteCollection.php(799): CodeIgniter\Router\RouteCollection->{closure}(Object(CodeIgniter\Router\RouteCollection))
 3 APPPATH\Config\Routes.php(60): CodeIgniter\Router\RouteCollection->group('peminjaman', [...], Object(Closure))
 4 SYSTEMPATH\Router\RouteCollection.php(339): require('C:\\xampp\\htdocs\\bukustan\\app\\Config\\Routes.php')
 5 SYSTEMPATH\CodeIgniter.php(821): CodeIgniter\Router\RouteCollection->loadRoutes()
 6 SYSTEMPATH\CodeIgniter.php(455): CodeIgniter\CodeIgniter->tryToRouteIt(null)
 7 SYSTEMPATH\CodeIgniter.php(354): CodeIgniter\CodeIgniter->handleRequest(null, Object(Config\Cache), false)
 8 SYSTEMPATH\Boot.php(363): CodeIgniter\CodeIgniter->run()
 9 SYSTEMPATH\Boot.php(68): CodeIgniter\Boot::runCodeIgniter(Object(CodeIgniter\CodeIgniter))
10 FCPATH\index.php(59): CodeIgniter\Boot::bootWeb(Object(Config\Paths))
DEBUG - 2026-04-23 15:33:25 --> Session: Class initialized using 'CodeIgniter\Session\Handlers\FileHandler' driver.
DEBUG - 2026-04-23 15:33:28 --> Session: Class initialized using 'CodeIgniter\Session\Handlers\FileHandler' driver.
DEBUG - 2026-04-23 15:33:33 --> Session: Class initialized using 'CodeIgniter\Session\Handlers\FileHandler' driver.
DEBUG - 2026-04-23 15:33:44 --> Session: Class initialized using 'CodeIgniter\Session\Handlers\FileHandler' driver.
DEBUG - 2026-04-23 15:33:44 --> Session: Class initialized using 'CodeIgniter\Session\Handlers\FileHandler' driver.
DEBUG - 2026-04-23 15:33:51 --> Session: Class initialized using 'CodeIgniter\Session\Handlers\FileHandler' driver.
DEBUG - 2026-04-23 15:33:52 --> Session: Class initialized using 'CodeIgniter\Session\Handlers\FileHandler' driver.
CRITICAL - 2026-04-23 15:38:10 --> ErrorException: session_start(): Failed to decode session object. Session has been destroyed
[Method: GET, Route: /]
in SYSTEMPATH\Session\Session.php on line 912.
 1 [internal function]: CodeIgniter\Debug\Exceptions->errorHandler(2, 'session_start(): Failed to decode session object. Session has been destroyed', 'C:\\xampp\\htdocs\\bukustan\\system\\Session\\Session.php', 912)
 2 SYSTEMPATH\Session\Session.php(912): session_start()
 3 SYSTEMPATH\Session\Session.php(243): CodeIgniter\Session\Session->startSession()
 4 SYSTEMPATH\Config\Services.php(715): CodeIgniter\Session\Session->start()
 5 SYSTEMPATH\Config\BaseService.php(312): CodeIgniter\Config\Services::session(Object(Config\Session), false)
 6 SYSTEMPATH\Config\BaseService.php(251): CodeIgniter\Config\BaseService::__callStatic('session', [...])
 7 SYSTEMPATH\Config\Services.php(668): CodeIgniter\Config\BaseService::getSharedInstance('session', null)
 8 SYSTEMPATH\Config\BaseService.php(321): CodeIgniter\Config\Services::session()
 9 SYSTEMPATH\Config\BaseService.php(202): CodeIgniter\Config\BaseService::__callStatic('session', [])
10 SYSTEMPATH\Common.php(995): CodeIgniter\Config\BaseService::get('session')
11 SYSTEMPATH\Common.php(968): service('session')
12 APPPATH\Filters\AuthFilter.php(13): session()
13 SYSTEMPATH\Filters\Filters.php(241): App\Filters\AuthFilter->before(Object(CodeIgniter\HTTP\IncomingRequest), null)
14 SYSTEMPATH\Filters\Filters.php(221): CodeIgniter\Filters\Filters->runBefore([...])
15 SYSTEMPATH\CodeIgniter.php(479): CodeIgniter\Filters\Filters->run('', 'before')
16 SYSTEMPATH\CodeIgniter.php(354): CodeIgniter\CodeIgniter->handleRequest(null, Object(Config\Cache), false)
17 SYSTEMPATH\Boot.php(363): CodeIgniter\CodeIgniter->run()
18 SYSTEMPATH\Boot.php(68): CodeIgniter\Boot::runCodeIgniter(Object(CodeIgniter\CodeIgniter))
19 FCPATH\index.php(59): CodeIgniter\Boot::bootWeb(Object(Config\Paths))
DEBUG - 2026-04-23 15:38:27 --> Session: Class initialized using 'CodeIgniter\Session\Handlers\FileHandler' driver.
DEBUG - 2026-04-23 15:38:29 --> Session: Class initialized using 'CodeIgniter\Session\Handlers\FileHandler' driver.
DEBUG - 2026-04-23 15:38:37 --> Session: Class initialized using 'CodeIgniter\Session\Handlers\FileHandler' driver.
DEBUG - 2026-04-23 15:38:38 --> Session: Class initialized using 'CodeIgniter\Session\Handlers\FileHandler' driver.
DEBUG - 2026-04-23 15:38:53 --> Session: Class initialized using 'CodeIgniter\Session\Handlers\FileHandler' driver.
DEBUG - 2026-04-23 15:38:53 --> Session: Class initialized using 'CodeIgniter\Session\Handlers\FileHandler' driver.
DEBUG - 2026-04-23 15:39:02 --> Session: Class initialized using 'CodeIgniter\Session\Handlers\FileHandler' driver.
DEBUG - 2026-04-23 15:39:02 --> Session: Class initialized using 'CodeIgniter\Session\Handlers\FileHandler' driver.
DEBUG - 2026-04-23 15:39:19 --> Session: Class initialized using 'CodeIgniter\Session\Handlers\FileHandler' driver.
DEBUG - 2026-04-23 15:39:27 --> Session: Class initialized using 'CodeIgniter\Session\Handlers\FileHandler' driver.
DEBUG - 2026-04-23 15:39:27 --> Session: Class initialized using 'CodeIgniter\Session\Handlers\FileHandler' driver.
DEBUG - 2026-04-23 15:39:30 --> Session: Class initialized using 'CodeIgniter\Session\Handlers\FileHandler' driver.
DEBUG - 2026-04-23 15:39:30 --> Session: Class initialized using 'CodeIgniter\Session\Handlers\FileHandler' driver.
DEBUG - 2026-04-23 15:39:39 --> Session: Class initialized using 'CodeIgniter\Session\Handlers\FileHandler' driver.
DEBUG - 2026-04-23 15:39:39 --> Session: Class initialized using 'CodeIgniter\Session\Handlers\FileHandler' driver.
DEBUG - 2026-04-23 15:39:43 --> Session: Class initialized using 'CodeIgniter\Session\Handlers\FileHandler' driver.
DEBUG - 2026-04-23 15:39:46 --> Session: Class initialized using 'CodeIgniter\Session\Handlers\FileHandler' driver.
DEBUG - 2026-04-23 15:39:47 --> Session: Class initialized using 'CodeIgniter\Session\Handlers\FileHandler' driver.
DEBUG - 2026-04-23 15:39:49 --> Session: Class initialized using 'CodeIgniter\Session\Handlers\FileHandler' driver.
DEBUG - 2026-04-23 15:39:49 --> Session: Class initialized using 'CodeIgniter\Session\Handlers\FileHandler' driver.
DEBUG - 2026-04-23 15:39:51 --> Session: Class initialized using 'CodeIgniter\Session\Handlers\FileHandler' driver.
DEBUG - 2026-04-23 15:39:54 --> Session: Class initialized using 'CodeIgniter\Session\Handlers\FileHandler' driver.
DEBUG - 2026-04-23 15:40:07 --> Session: Class initialized using 'CodeIgniter\Session\Handlers\FileHandler' driver.
DEBUG - 2026-04-23 15:41:06 --> Session: Class initialized using 'CodeIgniter\Session\Handlers\FileHandler' driver.
DEBUG - 2026-04-23 15:41:12 --> Session: Class initialized using 'CodeIgniter\Session\Handlers\FileHandler' driver.
DEBUG - 2026-04-23 15:41:18 --> Session: Class initialized using 'CodeIgniter\Session\Handlers\FileHandler' driver.
DEBUG - 2026-04-23 15:41:32 --> Session: Class initialized using 'CodeIgniter\Session\Handlers\FileHandler' driver.
DEBUG - 2026-04-23 15:41:32 --> Session: Class initialized using 'CodeIgniter\Session\Handlers\FileHandler' driver.
DEBUG - 2026-04-23 15:41:36 --> Session: Class initialized using 'CodeIgniter\Session\Handlers\FileHandler' driver.
DEBUG - 2026-04-23 15:41:47 --> Session: Class initialized using 'CodeIgniter\Session\Handlers\FileHandler' driver.
DEBUG - 2026-04-23 15:41:52 --> Session: Class initialized using 'CodeIgniter\Session\Handlers\FileHandler' driver.
DEBUG - 2026-04-23 15:41:55 --> Session: Class initialized using 'CodeIgniter\Session\Handlers\FileHandler' driver.
DEBUG - 2026-04-23 15:41:59 --> Session: Class initialized using 'CodeIgniter\Session\Handlers\FileHandler' driver.
DEBUG - 2026-04-23 15:45:19 --> Session: Class initialized using 'CodeIgniter\Session\Handlers\FileHandler' driver.
DEBUG - 2026-04-23 15:45:25 --> Session: Class initialized using 'CodeIgniter\Session\Handlers\FileHandler' driver.
DEBUG - 2026-04-23 15:46:57 --> Session: Class initialized using 'CodeIgniter\Session\Handlers\FileHandler' driver.
DEBUG - 2026-04-23 15:47:00 --> Session: Class initialized using 'CodeIgniter\Session\Handlers\FileHandler' driver.
DEBUG - 2026-04-23 15:47:05 --> Session: Class initialized using 'CodeIgniter\Session\Handlers\FileHandler' driver.
DEBUG - 2026-04-23 15:47:09 --> Session: Class initialized using 'CodeIgniter\Session\Handlers\FileHandler' driver.
DEBUG - 2026-04-23 15:48:52 --> Session: Class initialized using 'CodeIgniter\Session\Handlers\FileHandler' driver.
DEBUG - 2026-04-23 15:48:59 --> Session: Class initialized using 'CodeIgniter\Session\Handlers\FileHandler' driver.
DEBUG - 2026-04-23 15:49:05 --> Session: Class initialized using 'CodeIgniter\Session\Handlers\FileHandler' driver.
DEBUG - 2026-04-23 15:49:06 --> Session: Class initialized using 'CodeIgniter\Session\Handlers\FileHandler' driver.
DEBUG - 2026-04-23 15:49:08 --> Session: Class initialized using 'CodeIgniter\Session\Handlers\FileHandler' driver.
DEBUG - 2026-04-23 15:49:12 --> Session: Class initialized using 'CodeIgniter\Session\Handlers\FileHandler' driver.
DEBUG - 2026-04-23 15:49:16 --> Session: Class initialized using 'CodeIgniter\Session\Handlers\FileHandler' driver.
DEBUG - 2026-04-23 15:49:22 --> Session: Class initialized using 'CodeIgniter\Session\Handlers\FileHandler' driver.
DEBUG - 2026-04-23 16:08:19 --> Session: Class initialized using 'CodeIgniter\Session\Handlers\FileHandler' driver.
DEBUG - 2026-04-23 16:08:27 --> Session: Class initialized using 'CodeIgniter\Session\Handlers\FileHandler' driver.
DEBUG - 2026-04-23 16:08:28 --> Session: Class initialized using 'CodeIgniter\Session\Handlers\FileHandler' driver.
DEBUG - 2026-04-23 16:26:55 --> Session: Class initialized using 'CodeIgniter\Session\Handlers\FileHandler' driver.
DEBUG - 2026-04-23 16:26:55 --> Session: Class initialized using 'CodeIgniter\Session\Handlers\FileHandler' driver.
DEBUG - 2026-04-23 19:05:40 --> Session: Class initialized using 'CodeIgniter\Session\Handlers\FileHandler' driver.
DEBUG - 2026-04-23 19:05:41 --> Session: Class initialized using 'CodeIgniter\Session\Handlers\FileHandler' driver.
DEBUG - 2026-04-23 19:05:47 --> Session: Class initialized using 'CodeIgniter\Session\Handlers\FileHandler' driver.
DEBUG - 2026-04-23 19:05:48 --> Session: Class initialized using 'CodeIgniter\Session\Handlers\FileHandler' driver.
DEBUG - 2026-04-23 19:05:58 --> Session: Class initialized using 'CodeIgniter\Session\Handlers\FileHandler' driver.
DEBUG - 2026-04-23 19:05:59 --> Session: Class initialized using 'CodeIgniter\Session\Handlers\FileHandler' driver.
DEBUG - 2026-04-23 19:06:06 --> Session: Class initialized using 'CodeIgniter\Session\Handlers\FileHandler' driver.
DEBUG - 2026-04-23 19:06:06 --> Session: Class initialized using 'CodeIgniter\Session\Handlers\FileHandler' driver.
DEBUG - 2026-04-23 19:06:08 --> Session: Class initialized using 'CodeIgniter\Session\Handlers\FileHandler' driver.
DEBUG - 2026-04-23 19:06:11 --> Session: Class initialized using 'CodeIgniter\Session\Handlers\FileHandler' driver.
DEBUG - 2026-04-23 19:06:14 --> Session: Class initialized using 'CodeIgniter\Session\Handlers\FileHandler' driver.
DEBUG - 2026-04-23 19:06:14 --> Session: Class initialized using 'CodeIgniter\Session\Handlers\FileHandler' driver.
DEBUG - 2026-04-23 19:06:19 --> Session: Class initialized using 'CodeIgniter\Session\Handlers\FileHandler' driver.
DEBUG - 2026-04-23 19:06:23 --> Session: Class initialized using 'CodeIgniter\Session\Handlers\FileHandler' driver.
DEBUG - 2026-04-23 19:06:39 --> Session: Class initialized using 'CodeIgniter\Session\Handlers\FileHandler' driver.
DEBUG - 2026-04-23 19:06:39 --> Session: Class initialized using 'CodeIgniter\Session\Handlers\FileHandler' driver.
DEBUG - 2026-04-23 19:06:43 --> Session: Class initialized using 'CodeIgniter\Session\Handlers\FileHandler' driver.
DEBUG - 2026-04-23 19:06:50 --> Session: Class initialized using 'CodeIgniter\Session\Handlers\FileHandler' driver.
DEBUG - 2026-04-23 19:07:01 --> Session: Class initialized using 'CodeIgniter\Session\Handlers\FileHandler' driver.
DEBUG - 2026-04-23 19:07:01 --> Session: Class initialized using 'CodeIgniter\Session\Handlers\FileHandler' driver.
DEBUG - 2026-04-23 19:07:05 --> Session: Class initialized using 'CodeIgniter\Session\Handlers\FileHandler' driver.
DEBUG - 2026-04-23 19:07:07 --> Session: Class initialized using 'CodeIgniter\Session\Handlers\FileHandler' driver.
DEBUG - 2026-04-23 19:07:12 --> Session: Class initialized using 'CodeIgniter\Session\Handlers\FileHandler' driver.
DEBUG - 2026-04-23 19:07:12 --> Session: Class initialized using 'CodeIgniter\Session\Handlers\FileHandler' driver.
DEBUG - 2026-04-23 19:07:16 --> Session: Class initialized using 'CodeIgniter\Session\Handlers\FileHandler' driver.
DEBUG - 2026-04-23 19:07:19 --> Session: Class initialized using 'CodeIgniter\Session\Handlers\FileHandler' driver.
DEBUG - 2026-04-23 19:07:19 --> Session: Class initialized using 'CodeIgniter\Session\Handlers\FileHandler' driver.
DEBUG - 2026-04-23 19:07:22 --> Session: Class initialized using 'CodeIgniter\Session\Handlers\FileHandler' driver.
DEBUG - 2026-04-23 19:07:22 --> Session: Class initialized using 'CodeIgniter\Session\Handlers\FileHandler' driver.
DEBUG - 2026-04-23 19:07:26 --> Session: Class initialized using 'CodeIgniter\Session\Handlers\FileHandler' driver.
DEBUG - 2026-04-23 19:07:27 --> Session: Class initialized using 'CodeIgniter\Session\Handlers\FileHandler' driver.
DEBUG - 2026-04-23 19:07:27 --> Session: Class initialized using 'CodeIgniter\Session\Handlers\FileHandler' driver.
DEBUG - 2026-04-23 19:07:29 --> Session: Class initialized using 'CodeIgniter\Session\Handlers\FileHandler' driver.
DEBUG - 2026-04-23 19:07:29 --> Session: Class initialized using 'CodeIgniter\Session\Handlers\FileHandler' driver.
DEBUG - 2026-04-23 19:07:32 --> Session: Class initialized using 'CodeIgniter\Session\Handlers\FileHandler' driver.
DEBUG - 2026-04-23 19:07:47 --> Session: Class initialized using 'CodeIgniter\Session\Handlers\FileHandler' driver.
DEBUG - 2026-04-23 19:07:47 --> Session: Class initialized using 'CodeIgniter\Session\Handlers\FileHandler' driver.
DEBUG - 2026-04-23 19:07:59 --> Session: Class initialized using 'CodeIgniter\Session\Handlers\FileHandler' driver.
DEBUG - 2026-04-23 19:07:59 --> Session: Class initialized using 'CodeIgniter\Session\Handlers\FileHandler' driver.
DEBUG - 2026-04-23 19:08:07 --> Session: Class initialized using 'CodeIgniter\Session\Handlers\FileHandler' driver.
DEBUG - 2026-04-23 19:08:07 --> Session: Class initialized using 'CodeIgniter\Session\Handlers\FileHandler' driver.
DEBUG - 2026-04-23 19:08:13 --> Session: Class initialized using 'CodeIgniter\Session\Handlers\FileHandler' driver.
DEBUG - 2026-04-23 19:08:13 --> Session: Class initialized using 'CodeIgniter\Session\Handlers\FileHandler' driver.
DEBUG - 2026-04-23 20:00:31 --> Session: Class initialized using 'CodeIgniter\Session\Handlers\FileHandler' driver.
DEBUG - 2026-04-23 20:00:33 --> Session: Class initialized using 'CodeIgniter\Session\Handlers\FileHandler' driver.
DEBUG - 2026-04-23 20:00:39 --> Session: Class initialized using 'CodeIgniter\Session\Handlers\FileHandler' driver.
DEBUG - 2026-04-23 20:00:40 --> Session: Class initialized using 'CodeIgniter\Session\Handlers\FileHandler' driver.
DEBUG - 2026-04-23 20:00:48 --> Session: Class initialized using 'CodeIgniter\Session\Handlers\FileHandler' driver.
DEBUG - 2026-04-23 20:00:48 --> Session: Class initialized using 'CodeIgniter\Session\Handlers\FileHandler' driver.
DEBUG - 2026-04-23 20:00:50 --> Session: Class initialized using 'CodeIgniter\Session\Handlers\FileHandler' driver.
DEBUG - 2026-04-23 20:05:22 --> Session: Class initialized using 'CodeIgniter\Session\Handlers\FileHandler' driver.
CRITICAL - 2026-04-23 20:05:23 --> ErrorException: Cannot redeclare App\Controllers\Peminjaman::kirim_peringatan()
[Method: GET, Route: peminjaman]
in APPPATH\Controllers\Peminjaman.php on line 246.
 1 [internal function]: CodeIgniter\Debug\Exceptions->shutdownHandler()
DEBUG - 2026-04-23 20:05:39 --> Session: Class initialized using 'CodeIgniter\Session\Handlers\FileHandler' driver.
DEBUG - 2026-04-23 20:05:48 --> Session: Class initialized using 'CodeIgniter\Session\Handlers\FileHandler' driver.
DEBUG - 2026-04-23 20:05:56 --> Session: Class initialized using 'CodeIgniter\Session\Handlers\FileHandler' driver.
DEBUG - 2026-04-23 20:05:57 --> Session: Class initialized using 'CodeIgniter\Session\Handlers\FileHandler' driver.
DEBUG - 2026-04-23 20:05:58 --> Session: Class initialized using 'CodeIgniter\Session\Handlers\FileHandler' driver.
DEBUG - 2026-04-23 20:06:01 --> Session: Class initialized using 'CodeIgniter\Session\Handlers\FileHandler' driver.
DEBUG - 2026-04-23 20:06:05 --> Session: Class initialized using 'CodeIgniter\Session\Handlers\FileHandler' driver.
DEBUG - 2026-04-23 20:06:07 --> Session: Class initialized using 'CodeIgniter\Session\Handlers\FileHandler' driver.
DEBUG - 2026-04-23 20:06:07 --> Session: Class initialized using 'CodeIgniter\Session\Handlers\FileHandler' driver.
DEBUG - 2026-04-23 20:06:10 --> Session: Class initialized using 'CodeIgniter\Session\Handlers\FileHandler' driver.
DEBUG - 2026-04-23 20:06:15 --> Session: Class initialized using 'CodeIgniter\Session\Handlers\FileHandler' driver.
DEBUG - 2026-04-23 20:06:16 --> Session: Class initialized using 'CodeIgniter\Session\Handlers\FileHandler' driver.
DEBUG - 2026-04-23 20:06:28 --> Session: Class initialized using 'CodeIgniter\Session\Handlers\FileHandler' driver.
WARNING - 2026-04-23 20:16:20 --> [DEPRECATED] Passing lowercase HTTP method "get" is deprecated. Use uppercase HTTP method like "GET". in SYSTEMPATH\Router\RouteCollection.php on line 1026.
 1 SYSTEMPATH\Router\RouteCollection.php(1026): trigger_error('Passing lowercase HTTP method "get" is deprecated. Use uppercase HTTP method like "GET".', 16384)
 2 APPPATH\Config\Routes.php(78): CodeIgniter\Router\RouteCollection->match([...], 'konfirmasi/(:num)/(:any)', 'Peminjaman::konfirmasi/$1/$2')
 3 SYSTEMPATH\Router\RouteCollection.php(799): CodeIgniter\Router\RouteCollection->{closure}(Object(CodeIgniter\Router\RouteCollection))
 4 APPPATH\Config\Routes.php(61): CodeIgniter\Router\RouteCollection->group('peminjaman', [...], Object(Closure))
 5 SYSTEMPATH\Router\RouteCollection.php(339): require('C:\\xampp\\htdocs\\bukustan\\app\\Config\\Routes.php')
 6 SYSTEMPATH\CodeIgniter.php(821): CodeIgniter\Router\RouteCollection->loadRoutes()
 7 SYSTEMPATH\CodeIgniter.php(455): CodeIgniter\CodeIgniter->tryToRouteIt(null)
 8 SYSTEMPATH\CodeIgniter.php(354): CodeIgniter\CodeIgniter->handleRequest(null, Object(Config\Cache), false)
 9 SYSTEMPATH\Boot.php(363): CodeIgniter\CodeIgniter->run()
10 SYSTEMPATH\Boot.php(68): CodeIgniter\Boot::runCodeIgniter(Object(CodeIgniter\CodeIgniter))
11 FCPATH\index.php(59): CodeIgniter\Boot::bootWeb(Object(Config\Paths))
WARNING - 2026-04-23 20:16:20 --> [DEPRECATED] Passing lowercase HTTP method "post" is deprecated. Use uppercase HTTP method like "POST". in SYSTEMPATH\Router\RouteCollection.php on line 1026.
 1 SYSTEMPATH\Router\RouteCollection.php(1026): trigger_error('Passing lowercase HTTP method "post" is deprecated. Use uppercase HTTP method like "POST".', 16384)
 2 APPPATH\Config\Routes.php(78): CodeIgniter\Router\RouteCollection->match([...], 'konfirmasi/(:num)/(:any)', 'Peminjaman::konfirmasi/$1/$2')
 3 SYSTEMPATH\Router\RouteCollection.php(799): CodeIgniter\Router\RouteCollection->{closure}(Object(CodeIgniter\Router\RouteCollection))
 4 APPPATH\Config\Routes.php(61): CodeIgniter\Router\RouteCollection->group('peminjaman', [...], Object(Closure))
 5 SYSTEMPATH\Router\RouteCollection.php(339): require('C:\\xampp\\htdocs\\bukustan\\app\\Config\\Routes.php')
 6 SYSTEMPATH\CodeIgniter.php(821): CodeIgniter\Router\RouteCollection->loadRoutes()
 7 SYSTEMPATH\CodeIgniter.php(455): CodeIgniter\CodeIgniter->tryToRouteIt(null)
 8 SYSTEMPATH\CodeIgniter.php(354): CodeIgniter\CodeIgniter->handleRequest(null, Object(Config\Cache), false)
 9 SYSTEMPATH\Boot.php(363): CodeIgniter\CodeIgniter->run()
10 SYSTEMPATH\Boot.php(68): CodeIgniter\Boot::runCodeIgniter(Object(CodeIgniter\CodeIgniter))
11 FCPATH\index.php(59): CodeIgniter\Boot::bootWeb(Object(Config\Paths))
WARNING - 2026-04-23 20:16:22 --> [DEPRECATED] Passing lowercase HTTP method "get" is deprecated. Use uppercase HTTP method like "GET". in SYSTEMPATH\Router\RouteCollection.php on line 1026.
 1 SYSTEMPATH\Router\RouteCollection.php(1026): trigger_error('Passing lowercase HTTP method "get" is deprecated. Use uppercase HTTP method like "GET".', 16384)
 2 APPPATH\Config\Routes.php(78): CodeIgniter\Router\RouteCollection->match([...], 'konfirmasi/(:num)/(:any)', 'Peminjaman::konfirmasi/$1/$2')
 3 SYSTEMPATH\Router\RouteCollection.php(799): CodeIgniter\Router\RouteCollection->{closure}(Object(CodeIgniter\Router\RouteCollection))
 4 APPPATH\Config\Routes.php(61): CodeIgniter\Router\RouteCollection->group('peminjaman', [...], Object(Closure))
 5 SYSTEMPATH\Router\RouteCollection.php(339): require('C:\\xampp\\htdocs\\bukustan\\app\\Config\\Routes.php')
 6 SYSTEMPATH\CodeIgniter.php(821): CodeIgniter\Router\RouteCollection->loadRoutes()
 7 SYSTEMPATH\CodeIgniter.php(455): CodeIgniter\CodeIgniter->tryToRouteIt(null)
 8 SYSTEMPATH\CodeIgniter.php(354): CodeIgniter\CodeIgniter->handleRequest(null, Object(Config\Cache), false)
 9 SYSTEMPATH\Boot.php(363): CodeIgniter\CodeIgniter->run()
10 SYSTEMPATH\Boot.php(68): CodeIgniter\Boot::runCodeIgniter(Object(CodeIgniter\CodeIgniter))
11 FCPATH\index.php(59): CodeIgniter\Boot::bootWeb(Object(Config\Paths))
WARNING - 2026-04-23 20:16:22 --> [DEPRECATED] Passing lowercase HTTP method "post" is deprecated. Use uppercase HTTP method like "POST". in SYSTEMPATH\Router\RouteCollection.php on line 1026.
 1 SYSTEMPATH\Router\RouteCollection.php(1026): trigger_error('Passing lowercase HTTP method "post" is deprecated. Use uppercase HTTP method like "POST".', 16384)
 2 APPPATH\Config\Routes.php(78): CodeIgniter\Router\RouteCollection->match([...], 'konfirmasi/(:num)/(:any)', 'Peminjaman::konfirmasi/$1/$2')
 3 SYSTEMPATH\Router\RouteCollection.php(799): CodeIgniter\Router\RouteCollection->{closure}(Object(CodeIgniter\Router\RouteCollection))
 4 APPPATH\Config\Routes.php(61): CodeIgniter\Router\RouteCollection->group('peminjaman', [...], Object(Closure))
 5 SYSTEMPATH\Router\RouteCollection.php(339): require('C:\\xampp\\htdocs\\bukustan\\app\\Config\\Routes.php')
 6 SYSTEMPATH\CodeIgniter.php(821): CodeIgniter\Router\RouteCollection->loadRoutes()
 7 SYSTEMPATH\CodeIgniter.php(455): CodeIgniter\CodeIgniter->tryToRouteIt(null)
 8 SYSTEMPATH\CodeIgniter.php(354): CodeIgniter\CodeIgniter->handleRequest(null, Object(Config\Cache), false)
 9 SYSTEMPATH\Boot.php(363): CodeIgniter\CodeIgniter->run()
10 SYSTEMPATH\Boot.php(68): CodeIgniter\Boot::runCodeIgniter(Object(CodeIgniter\CodeIgniter))
11 FCPATH\index.php(59): CodeIgniter\Boot::bootWeb(Object(Config\Paths))
WARNING - 2026-04-23 20:16:22 --> [DEPRECATED] Passing lowercase HTTP method "get" is deprecated. Use uppercase HTTP method like "GET". in SYSTEMPATH\Router\RouteCollection.php on line 1026.
 1 SYSTEMPATH\Router\RouteCollection.php(1026): trigger_error('Passing lowercase HTTP method "get" is deprecated. Use uppercase HTTP method like "GET".', 16384)
 2 APPPATH\Config\Routes.php(78): CodeIgniter\Router\RouteCollection->match([...], 'konfirmasi/(:num)/(:any)', 'Peminjaman::konfirmasi/$1/$2')
 3 SYSTEMPATH\Router\RouteCollection.php(799): CodeIgniter\Router\RouteCollection->{closure}(Object(CodeIgniter\Router\RouteCollection))
 4 APPPATH\Config\Routes.php(61): CodeIgniter\Router\RouteCollection->group('peminjaman', [...], Object(Closure))
 5 SYSTEMPATH\Router\RouteCollection.php(339): require('C:\\xampp\\htdocs\\bukustan\\app\\Config\\Routes.php')
 6 SYSTEMPATH\CodeIgniter.php(821): CodeIgniter\Router\RouteCollection->loadRoutes()
 7 SYSTEMPATH\CodeIgniter.php(455): CodeIgniter\CodeIgniter->tryToRouteIt(null)
 8 SYSTEMPATH\CodeIgniter.php(354): CodeIgniter\CodeIgniter->handleRequest(null, Object(Config\Cache), false)
 9 SYSTEMPATH\Boot.php(363): CodeIgniter\CodeIgniter->run()
10 SYSTEMPATH\Boot.php(68): CodeIgniter\Boot::runCodeIgniter(Object(CodeIgniter\CodeIgniter))
11 FCPATH\index.php(59): CodeIgniter\Boot::bootWeb(Object(Config\Paths))
WARNING - 2026-04-23 20:16:22 --> [DEPRECATED] Passing lowercase HTTP method "post" is deprecated. Use uppercase HTTP method like "POST". in SYSTEMPATH\Router\RouteCollection.php on line 1026.
 1 SYSTEMPATH\Router\RouteCollection.php(1026): trigger_error('Passing lowercase HTTP method "post" is deprecated. Use uppercase HTTP method like "POST".', 16384)
 2 APPPATH\Config\Routes.php(78): CodeIgniter\Router\RouteCollection->match([...], 'konfirmasi/(:num)/(:any)', 'Peminjaman::konfirmasi/$1/$2')
 3 SYSTEMPATH\Router\RouteCollection.php(799): CodeIgniter\Router\RouteCollection->{closure}(Object(CodeIgniter\Router\RouteCollection))
 4 APPPATH\Config\Routes.php(61): CodeIgniter\Router\RouteCollection->group('peminjaman', [...], Object(Closure))
 5 SYSTEMPATH\Router\RouteCollection.php(339): require('C:\\xampp\\htdocs\\bukustan\\app\\Config\\Routes.php')
 6 SYSTEMPATH\CodeIgniter.php(821): CodeIgniter\Router\RouteCollection->loadRoutes()
 7 SYSTEMPATH\CodeIgniter.php(455): CodeIgniter\CodeIgniter->tryToRouteIt(null)
 8 SYSTEMPATH\CodeIgniter.php(354): CodeIgniter\CodeIgniter->handleRequest(null, Object(Config\Cache), false)
 9 SYSTEMPATH\Boot.php(363): CodeIgniter\CodeIgniter->run()
10 SYSTEMPATH\Boot.php(68): CodeIgniter\Boot::runCodeIgniter(Object(CodeIgniter\CodeIgniter))
11 FCPATH\index.php(59): CodeIgniter\Boot::bootWeb(Object(Config\Paths))
WARNING - 2026-04-23 20:16:22 --> [DEPRECATED] Passing lowercase HTTP method "get" is deprecated. Use uppercase HTTP method like "GET". in SYSTEMPATH\Router\RouteCollection.php on line 1026.
 1 SYSTEMPATH\Router\RouteCollection.php(1026): trigger_error('Passing lowercase HTTP method "get" is deprecated. Use uppercase HTTP method like "GET".', 16384)
 2 APPPATH\Config\Routes.php(78): CodeIgniter\Router\RouteCollection->match([...], 'konfirmasi/(:num)/(:any)', 'Peminjaman::konfirmasi/$1/$2')
 3 SYSTEMPATH\Router\RouteCollection.php(799): CodeIgniter\Router\RouteCollection->{closure}(Object(CodeIgniter\Router\RouteCollection))
 4 APPPATH\Config\Routes.php(61): CodeIgniter\Router\RouteCollection->group('peminjaman', [...], Object(Closure))
 5 SYSTEMPATH\Router\RouteCollection.php(339): require('C:\\xampp\\htdocs\\bukustan\\app\\Config\\Routes.php')
 6 SYSTEMPATH\CodeIgniter.php(821): CodeIgniter\Router\RouteCollection->loadRoutes()
 7 SYSTEMPATH\CodeIgniter.php(455): CodeIgniter\CodeIgniter->tryToRouteIt(null)
 8 SYSTEMPATH\CodeIgniter.php(354): CodeIgniter\CodeIgniter->handleRequest(null, Object(Config\Cache), false)
 9 SYSTEMPATH\Boot.php(363): CodeIgniter\CodeIgniter->run()
10 SYSTEMPATH\Boot.php(68): CodeIgniter\Boot::runCodeIgniter(Object(CodeIgniter\CodeIgniter))
11 FCPATH\index.php(59): CodeIgniter\Boot::bootWeb(Object(Config\Paths))
WARNING - 2026-04-23 20:16:22 --> [DEPRECATED] Passing lowercase HTTP method "post" is deprecated. Use uppercase HTTP method like "POST". in SYSTEMPATH\Router\RouteCollection.php on line 1026.
 1 SYSTEMPATH\Router\RouteCollection.php(1026): trigger_error('Passing lowercase HTTP method "post" is deprecated. Use uppercase HTTP method like "POST".', 16384)
 2 APPPATH\Config\Routes.php(78): CodeIgniter\Router\RouteCollection->match([...], 'konfirmasi/(:num)/(:any)', 'Peminjaman::konfirmasi/$1/$2')
 3 SYSTEMPATH\Router\RouteCollection.php(799): CodeIgniter\Router\RouteCollection->{closure}(Object(CodeIgniter\Router\RouteCollection))
 4 APPPATH\Config\Routes.php(61): CodeIgniter\Router\RouteCollection->group('peminjaman', [...], Object(Closure))
 5 SYSTEMPATH\Router\RouteCollection.php(339): require('C:\\xampp\\htdocs\\bukustan\\app\\Config\\Routes.php')
 6 SYSTEMPATH\CodeIgniter.php(821): CodeIgniter\Router\RouteCollection->loadRoutes()
 7 SYSTEMPATH\CodeIgniter.php(455): CodeIgniter\CodeIgniter->tryToRouteIt(null)
 8 SYSTEMPATH\CodeIgniter.php(354): CodeIgniter\CodeIgniter->handleRequest(null, Object(Config\Cache), false)
 9 SYSTEMPATH\Boot.php(363): CodeIgniter\CodeIgniter->run()
10 SYSTEMPATH\Boot.php(68): CodeIgniter\Boot::runCodeIgniter(Object(CodeIgniter\CodeIgniter))
11 FCPATH\index.php(59): CodeIgniter\Boot::bootWeb(Object(Config\Paths))
WARNING - 2026-04-23 20:16:22 --> [DEPRECATED] Passing lowercase HTTP method "get" is deprecated. Use uppercase HTTP method like "GET". in SYSTEMPATH\Router\RouteCollection.php on line 1026.
 1 SYSTEMPATH\Router\RouteCollection.php(1026): trigger_error('Passing lowercase HTTP method "get" is deprecated. Use uppercase HTTP method like "GET".', 16384)
 2 APPPATH\Config\Routes.php(78): CodeIgniter\Router\RouteCollection->match([...], 'konfirmasi/(:num)/(:any)', 'Peminjaman::konfirmasi/$1/$2')
 3 SYSTEMPATH\Router\RouteCollection.php(799): CodeIgniter\Router\RouteCollection->{closure}(Object(CodeIgniter\Router\RouteCollection))
 4 APPPATH\Config\Routes.php(61): CodeIgniter\Router\RouteCollection->group('peminjaman', [...], Object(Closure))
 5 SYSTEMPATH\Router\RouteCollection.php(339): require('C:\\xampp\\htdocs\\bukustan\\app\\Config\\Routes.php')
 6 SYSTEMPATH\CodeIgniter.php(821): CodeIgniter\Router\RouteCollection->loadRoutes()
 7 SYSTEMPATH\CodeIgniter.php(455): CodeIgniter\CodeIgniter->tryToRouteIt(null)
 8 SYSTEMPATH\CodeIgniter.php(354): CodeIgniter\CodeIgniter->handleRequest(null, Object(Config\Cache), false)
 9 SYSTEMPATH\Boot.php(363): CodeIgniter\CodeIgniter->run()
10 SYSTEMPATH\Boot.php(68): CodeIgniter\Boot::runCodeIgniter(Object(CodeIgniter\CodeIgniter))
11 FCPATH\index.php(59): CodeIgniter\Boot::bootWeb(Object(Config\Paths))
WARNING - 2026-04-23 20:16:22 --> [DEPRECATED] Passing lowercase HTTP method "post" is deprecated. Use uppercase HTTP method like "POST". in SYSTEMPATH\Router\RouteCollection.php on line 1026.
 1 SYSTEMPATH\Router\RouteCollection.php(1026): trigger_error('Passing lowercase HTTP method "post" is deprecated. Use uppercase HTTP method like "POST".', 16384)
 2 APPPATH\Config\Routes.php(78): CodeIgniter\Router\RouteCollection->match([...], 'konfirmasi/(:num)/(:any)', 'Peminjaman::konfirmasi/$1/$2')
 3 SYSTEMPATH\Router\RouteCollection.php(799): CodeIgniter\Router\RouteCollection->{closure}(Object(CodeIgniter\Router\RouteCollection))
 4 APPPATH\Config\Routes.php(61): CodeIgniter\Router\RouteCollection->group('peminjaman', [...], Object(Closure))
 5 SYSTEMPATH\Router\RouteCollection.php(339): require('C:\\xampp\\htdocs\\bukustan\\app\\Config\\Routes.php')
 6 SYSTEMPATH\CodeIgniter.php(821): CodeIgniter\Router\RouteCollection->loadRoutes()
 7 SYSTEMPATH\CodeIgniter.php(455): CodeIgniter\CodeIgniter->tryToRouteIt(null)
 8 SYSTEMPATH\CodeIgniter.php(354): CodeIgniter\CodeIgniter->handleRequest(null, Object(Config\Cache), false)
 9 SYSTEMPATH\Boot.php(363): CodeIgniter\CodeIgniter->run()
10 SYSTEMPATH\Boot.php(68): CodeIgniter\Boot::runCodeIgniter(Object(CodeIgniter\CodeIgniter))
11 FCPATH\index.php(59): CodeIgniter\Boot::bootWeb(Object(Config\Paths))
WARNING - 2026-04-23 20:16:22 --> [DEPRECATED] Passing lowercase HTTP method "get" is deprecated. Use uppercase HTTP method like "GET". in SYSTEMPATH\Router\RouteCollection.php on line 1026.
 1 SYSTEMPATH\Router\RouteCollection.php(1026): trigger_error('Passing lowercase HTTP method "get" is deprecated. Use uppercase HTTP method like "GET".', 16384)
 2 APPPATH\Config\Routes.php(78): CodeIgniter\Router\RouteCollection->match([...], 'konfirmasi/(:num)/(:any)', 'Peminjaman::konfirmasi/$1/$2')
 3 SYSTEMPATH\Router\RouteCollection.php(799): CodeIgniter\Router\RouteCollection->{closure}(Object(CodeIgniter\Router\RouteCollection))
 4 APPPATH\Config\Routes.php(61): CodeIgniter\Router\RouteCollection->group('peminjaman', [...], Object(Closure))
 5 SYSTEMPATH\Router\RouteCollection.php(339): require('C:\\xampp\\htdocs\\bukustan\\app\\Config\\Routes.php')
 6 SYSTEMPATH\CodeIgniter.php(821): CodeIgniter\Router\RouteCollection->loadRoutes()
 7 SYSTEMPATH\CodeIgniter.php(455): CodeIgniter\CodeIgniter->tryToRouteIt(null)
 8 SYSTEMPATH\CodeIgniter.php(354): CodeIgniter\CodeIgniter->handleRequest(null, Object(Config\Cache), false)
 9 SYSTEMPATH\Boot.php(363): CodeIgniter\CodeIgniter->run()
10 SYSTEMPATH\Boot.php(68): CodeIgniter\Boot::runCodeIgniter(Object(CodeIgniter\CodeIgniter))
11 FCPATH\index.php(59): CodeIgniter\Boot::bootWeb(Object(Config\Paths))
WARNING - 2026-04-23 20:16:22 --> [DEPRECATED] Passing lowercase HTTP method "post" is deprecated. Use uppercase HTTP method like "POST". in SYSTEMPATH\Router\RouteCollection.php on line 1026.
 1 SYSTEMPATH\Router\RouteCollection.php(1026): trigger_error('Passing lowercase HTTP method "post" is deprecated. Use uppercase HTTP method like "POST".', 16384)
 2 APPPATH\Config\Routes.php(78): CodeIgniter\Router\RouteCollection->match([...], 'konfirmasi/(:num)/(:any)', 'Peminjaman::konfirmasi/$1/$2')
 3 SYSTEMPATH\Router\RouteCollection.php(799): CodeIgniter\Router\RouteCollection->{closure}(Object(CodeIgniter\Router\RouteCollection))
 4 APPPATH\Config\Routes.php(61): CodeIgniter\Router\RouteCollection->group('peminjaman', [...], Object(Closure))
 5 SYSTEMPATH\Router\RouteCollection.php(339): require('C:\\xampp\\htdocs\\bukustan\\app\\Config\\Routes.php')
 6 SYSTEMPATH\CodeIgniter.php(821): CodeIgniter\Router\RouteCollection->loadRoutes()
 7 SYSTEMPATH\CodeIgniter.php(455): CodeIgniter\CodeIgniter->tryToRouteIt(null)
 8 SYSTEMPATH\CodeIgniter.php(354): CodeIgniter\CodeIgniter->handleRequest(null, Object(Config\Cache), false)
 9 SYSTEMPATH\Boot.php(363): CodeIgniter\CodeIgniter->run()
10 SYSTEMPATH\Boot.php(68): CodeIgniter\Boot::runCodeIgniter(Object(CodeIgniter\CodeIgniter))
11 FCPATH\index.php(59): CodeIgniter\Boot::bootWeb(Object(Config\Paths))
WARNING - 2026-04-23 20:16:22 --> [DEPRECATED] Passing lowercase HTTP method "get" is deprecated. Use uppercase HTTP method like "GET". in SYSTEMPATH\Router\RouteCollection.php on line 1026.
 1 SYSTEMPATH\Router\RouteCollection.php(1026): trigger_error('Passing lowercase HTTP method "get" is deprecated. Use uppercase HTTP method like "GET".', 16384)
 2 APPPATH\Config\Routes.php(78): CodeIgniter\Router\RouteCollection->match([...], 'konfirmasi/(:num)/(:any)', 'Peminjaman::konfirmasi/$1/$2')
 3 SYSTEMPATH\Router\RouteCollection.php(799): CodeIgniter\Router\RouteCollection->{closure}(Object(CodeIgniter\Router\RouteCollection))
 4 APPPATH\Config\Routes.php(61): CodeIgniter\Router\RouteCollection->group('peminjaman', [...], Object(Closure))
 5 SYSTEMPATH\Router\RouteCollection.php(339): require('C:\\xampp\\htdocs\\bukustan\\app\\Config\\Routes.php')
 6 SYSTEMPATH\CodeIgniter.php(821): CodeIgniter\Router\RouteCollection->loadRoutes()
 7 SYSTEMPATH\CodeIgniter.php(455): CodeIgniter\CodeIgniter->tryToRouteIt(null)
 8 SYSTEMPATH\CodeIgniter.php(354): CodeIgniter\CodeIgniter->handleRequest(null, Object(Config\Cache), false)
 9 SYSTEMPATH\Boot.php(363): CodeIgniter\CodeIgniter->run()
10 SYSTEMPATH\Boot.php(68): CodeIgniter\Boot::runCodeIgniter(Object(CodeIgniter\CodeIgniter))
11 FCPATH\index.php(59): CodeIgniter\Boot::bootWeb(Object(Config\Paths))
WARNING - 2026-04-23 20:16:22 --> [DEPRECATED] Passing lowercase HTTP method "post" is deprecated. Use uppercase HTTP method like "POST". in SYSTEMPATH\Router\RouteCollection.php on line 1026.
 1 SYSTEMPATH\Router\RouteCollection.php(1026): trigger_error('Passing lowercase HTTP method "post" is deprecated. Use uppercase HTTP method like "POST".', 16384)
 2 APPPATH\Config\Routes.php(78): CodeIgniter\Router\RouteCollection->match([...], 'konfirmasi/(:num)/(:any)', 'Peminjaman::konfirmasi/$1/$2')
 3 SYSTEMPATH\Router\RouteCollection.php(799): CodeIgniter\Router\RouteCollection->{closure}(Object(CodeIgniter\Router\RouteCollection))
 4 APPPATH\Config\Routes.php(61): CodeIgniter\Router\RouteCollection->group('peminjaman', [...], Object(Closure))
 5 SYSTEMPATH\Router\RouteCollection.php(339): require('C:\\xampp\\htdocs\\bukustan\\app\\Config\\Routes.php')
 6 SYSTEMPATH\CodeIgniter.php(821): CodeIgniter\Router\RouteCollection->loadRoutes()
 7 SYSTEMPATH\CodeIgniter.php(455): CodeIgniter\CodeIgniter->tryToRouteIt(null)
 8 SYSTEMPATH\CodeIgniter.php(354): CodeIgniter\CodeIgniter->handleRequest(null, Object(Config\Cache), false)
 9 SYSTEMPATH\Boot.php(363): CodeIgniter\CodeIgniter->run()
10 SYSTEMPATH\Boot.php(68): CodeIgniter\Boot::runCodeIgniter(Object(CodeIgniter\CodeIgniter))
11 FCPATH\index.php(59): CodeIgniter\Boot::bootWeb(Object(Config\Paths))
WARNING - 2026-04-23 20:16:23 --> [DEPRECATED] Passing lowercase HTTP method "get" is deprecated. Use uppercase HTTP method like "GET". in SYSTEMPATH\Router\RouteCollection.php on line 1026.
 1 SYSTEMPATH\Router\RouteCollection.php(1026): trigger_error('Passing lowercase HTTP method "get" is deprecated. Use uppercase HTTP method like "GET".', 16384)
 2 APPPATH\Config\Routes.php(78): CodeIgniter\Router\RouteCollection->match([...], 'konfirmasi/(:num)/(:any)', 'Peminjaman::konfirmasi/$1/$2')
 3 SYSTEMPATH\Router\RouteCollection.php(799): CodeIgniter\Router\RouteCollection->{closure}(Object(CodeIgniter\Router\RouteCollection))
 4 APPPATH\Config\Routes.php(61): CodeIgniter\Router\RouteCollection->group('peminjaman', [...], Object(Closure))
 5 SYSTEMPATH\Router\RouteCollection.php(339): require('C:\\xampp\\htdocs\\bukustan\\app\\Config\\Routes.php')
 6 SYSTEMPATH\CodeIgniter.php(821): CodeIgniter\Router\RouteCollection->loadRoutes()
 7 SYSTEMPATH\CodeIgniter.php(455): CodeIgniter\CodeIgniter->tryToRouteIt(null)
 8 SYSTEMPATH\CodeIgniter.php(354): CodeIgniter\CodeIgniter->handleRequest(null, Object(Config\Cache), false)
 9 SYSTEMPATH\Boot.php(363): CodeIgniter\CodeIgniter->run()
10 SYSTEMPATH\Boot.php(68): CodeIgniter\Boot::runCodeIgniter(Object(CodeIgniter\CodeIgniter))
11 FCPATH\index.php(59): CodeIgniter\Boot::bootWeb(Object(Config\Paths))
WARNING - 2026-04-23 20:16:23 --> [DEPRECATED] Passing lowercase HTTP method "post" is deprecated. Use uppercase HTTP method like "POST". in SYSTEMPATH\Router\RouteCollection.php on line 1026.
 1 SYSTEMPATH\Router\RouteCollection.php(1026): trigger_error('Passing lowercase HTTP method "post" is deprecated. Use uppercase HTTP method like "POST".', 16384)
 2 APPPATH\Config\Routes.php(78): CodeIgniter\Router\RouteCollection->match([...], 'konfirmasi/(:num)/(:any)', 'Peminjaman::konfirmasi/$1/$2')
 3 SYSTEMPATH\Router\RouteCollection.php(799): CodeIgniter\Router\RouteCollection->{closure}(Object(CodeIgniter\Router\RouteCollection))
 4 APPPATH\Config\Routes.php(61): CodeIgniter\Router\RouteCollection->group('peminjaman', [...], Object(Closure))
 5 SYSTEMPATH\Router\RouteCollection.php(339): require('C:\\xampp\\htdocs\\bukustan\\app\\Config\\Routes.php')
 6 SYSTEMPATH\CodeIgniter.php(821): CodeIgniter\Router\RouteCollection->loadRoutes()
 7 SYSTEMPATH\CodeIgniter.php(455): CodeIgniter\CodeIgniter->tryToRouteIt(null)
 8 SYSTEMPATH\CodeIgniter.php(354): CodeIgniter\CodeIgniter->handleRequest(null, Object(Config\Cache), false)
 9 SYSTEMPATH\Boot.php(363): CodeIgniter\CodeIgniter->run()
10 SYSTEMPATH\Boot.php(68): CodeIgniter\Boot::runCodeIgniter(Object(CodeIgniter\CodeIgniter))
11 FCPATH\index.php(59): CodeIgniter\Boot::bootWeb(Object(Config\Paths))
WARNING - 2026-04-23 20:16:23 --> [DEPRECATED] Passing lowercase HTTP method "get" is deprecated. Use uppercase HTTP method like "GET". in SYSTEMPATH\Router\RouteCollection.php on line 1026.
 1 SYSTEMPATH\Router\RouteCollection.php(1026): trigger_error('Passing lowercase HTTP method "get" is deprecated. Use uppercase HTTP method like "GET".', 16384)
 2 APPPATH\Config\Routes.php(78): CodeIgniter\Router\RouteCollection->match([...], 'konfirmasi/(:num)/(:any)', 'Peminjaman::konfirmasi/$1/$2')
 3 SYSTEMPATH\Router\RouteCollection.php(799): CodeIgniter\Router\RouteCollection->{closure}(Object(CodeIgniter\Router\RouteCollection))
 4 APPPATH\Config\Routes.php(61): CodeIgniter\Router\RouteCollection->group('peminjaman', [...], Object(Closure))
 5 SYSTEMPATH\Router\RouteCollection.php(339): require('C:\\xampp\\htdocs\\bukustan\\app\\Config\\Routes.php')
 6 SYSTEMPATH\CodeIgniter.php(821): CodeIgniter\Router\RouteCollection->loadRoutes()
 7 SYSTEMPATH\CodeIgniter.php(455): CodeIgniter\CodeIgniter->tryToRouteIt(null)
 8 SYSTEMPATH\CodeIgniter.php(354): CodeIgniter\CodeIgniter->handleRequest(null, Object(Config\Cache), false)
 9 SYSTEMPATH\Boot.php(363): CodeIgniter\CodeIgniter->run()
10 SYSTEMPATH\Boot.php(68): CodeIgniter\Boot::runCodeIgniter(Object(CodeIgniter\CodeIgniter))
11 FCPATH\index.php(59): CodeIgniter\Boot::bootWeb(Object(Config\Paths))
WARNING - 2026-04-23 20:16:23 --> [DEPRECATED] Passing lowercase HTTP method "post" is deprecated. Use uppercase HTTP method like "POST". in SYSTEMPATH\Router\RouteCollection.php on line 1026.
 1 SYSTEMPATH\Router\RouteCollection.php(1026): trigger_error('Passing lowercase HTTP method "post" is deprecated. Use uppercase HTTP method like "POST".', 16384)
 2 APPPATH\Config\Routes.php(78): CodeIgniter\Router\RouteCollection->match([...], 'konfirmasi/(:num)/(:any)', 'Peminjaman::konfirmasi/$1/$2')
 3 SYSTEMPATH\Router\RouteCollection.php(799): CodeIgniter\Router\RouteCollection->{closure}(Object(CodeIgniter\Router\RouteCollection))
 4 APPPATH\Config\Routes.php(61): CodeIgniter\Router\RouteCollection->group('peminjaman', [...], Object(Closure))
 5 SYSTEMPATH\Router\RouteCollection.php(339): require('C:\\xampp\\htdocs\\bukustan\\app\\Config\\Routes.php')
 6 SYSTEMPATH\CodeIgniter.php(821): CodeIgniter\Router\RouteCollection->loadRoutes()
 7 SYSTEMPATH\CodeIgniter.php(455): CodeIgniter\CodeIgniter->tryToRouteIt(null)
 8 SYSTEMPATH\CodeIgniter.php(354): CodeIgniter\CodeIgniter->handleRequest(null, Object(Config\Cache), false)
 9 SYSTEMPATH\Boot.php(363): CodeIgniter\CodeIgniter->run()
10 SYSTEMPATH\Boot.php(68): CodeIgniter\Boot::runCodeIgniter(Object(CodeIgniter\CodeIgniter))
11 FCPATH\index.php(59): CodeIgniter\Boot::bootWeb(Object(Config\Paths))
WARNING - 2026-04-23 20:16:23 --> [DEPRECATED] Passing lowercase HTTP method "get" is deprecated. Use uppercase HTTP method like "GET". in SYSTEMPATH\Router\RouteCollection.php on line 1026.
 1 SYSTEMPATH\Router\RouteCollection.php(1026): trigger_error('Passing lowercase HTTP method "get" is deprecated. Use uppercase HTTP method like "GET".', 16384)
 2 APPPATH\Config\Routes.php(78): CodeIgniter\Router\RouteCollection->match([...], 'konfirmasi/(:num)/(:any)', 'Peminjaman::konfirmasi/$1/$2')
 3 SYSTEMPATH\Router\RouteCollection.php(799): CodeIgniter\Router\RouteCollection->{closure}(Object(CodeIgniter\Router\RouteCollection))
 4 APPPATH\Config\Routes.php(61): CodeIgniter\Router\RouteCollection->group('peminjaman', [...], Object(Closure))
 5 SYSTEMPATH\Router\RouteCollection.php(339): require('C:\\xampp\\htdocs\\bukustan\\app\\Config\\Routes.php')
 6 SYSTEMPATH\CodeIgniter.php(821): CodeIgniter\Router\RouteCollection->loadRoutes()
 7 SYSTEMPATH\CodeIgniter.php(455): CodeIgniter\CodeIgniter->tryToRouteIt(null)
 8 SYSTEMPATH\CodeIgniter.php(354): CodeIgniter\CodeIgniter->handleRequest(null, Object(Config\Cache), false)
 9 SYSTEMPATH\Boot.php(363): CodeIgniter\CodeIgniter->run()
10 SYSTEMPATH\Boot.php(68): CodeIgniter\Boot::runCodeIgniter(Object(CodeIgniter\CodeIgniter))
11 FCPATH\index.php(59): CodeIgniter\Boot::bootWeb(Object(Config\Paths))
WARNING - 2026-04-23 20:16:23 --> [DEPRECATED] Passing lowercase HTTP method "post" is deprecated. Use uppercase HTTP method like "POST". in SYSTEMPATH\Router\RouteCollection.php on line 1026.
 1 SYSTEMPATH\Router\RouteCollection.php(1026): trigger_error('Passing lowercase HTTP method "post" is deprecated. Use uppercase HTTP method like "POST".', 16384)
 2 APPPATH\Config\Routes.php(78): CodeIgniter\Router\RouteCollection->match([...], 'konfirmasi/(:num)/(:any)', 'Peminjaman::konfirmasi/$1/$2')
 3 SYSTEMPATH\Router\RouteCollection.php(799): CodeIgniter\Router\RouteCollection->{closure}(Object(CodeIgniter\Router\RouteCollection))
 4 APPPATH\Config\Routes.php(61): CodeIgniter\Router\RouteCollection->group('peminjaman', [...], Object(Closure))
 5 SYSTEMPATH\Router\RouteCollection.php(339): require('C:\\xampp\\htdocs\\bukustan\\app\\Config\\Routes.php')
 6 SYSTEMPATH\CodeIgniter.php(821): CodeIgniter\Router\RouteCollection->loadRoutes()
 7 SYSTEMPATH\CodeIgniter.php(455): CodeIgniter\CodeIgniter->tryToRouteIt(null)
 8 SYSTEMPATH\CodeIgniter.php(354): CodeIgniter\CodeIgniter->handleRequest(null, Object(Config\Cache), false)
 9 SYSTEMPATH\Boot.php(363): CodeIgniter\CodeIgniter->run()
10 SYSTEMPATH\Boot.php(68): CodeIgniter\Boot::runCodeIgniter(Object(CodeIgniter\CodeIgniter))
11 FCPATH\index.php(59): CodeIgniter\Boot::bootWeb(Object(Config\Paths))
WARNING - 2026-04-23 20:16:23 --> [DEPRECATED] Passing lowercase HTTP method "get" is deprecated. Use uppercase HTTP method like "GET". in SYSTEMPATH\Router\RouteCollection.php on line 1026.
 1 SYSTEMPATH\Router\RouteCollection.php(1026): trigger_error('Passing lowercase HTTP method "get" is deprecated. Use uppercase HTTP method like "GET".', 16384)
 2 APPPATH\Config\Routes.php(78): CodeIgniter\Router\RouteCollection->match([...], 'konfirmasi/(:num)/(:any)', 'Peminjaman::konfirmasi/$1/$2')
 3 SYSTEMPATH\Router\RouteCollection.php(799): CodeIgniter\Router\RouteCollection->{closure}(Object(CodeIgniter\Router\RouteCollection))
 4 APPPATH\Config\Routes.php(61): CodeIgniter\Router\RouteCollection->group('peminjaman', [...], Object(Closure))
 5 SYSTEMPATH\Router\RouteCollection.php(339): require('C:\\xampp\\htdocs\\bukustan\\app\\Config\\Routes.php')
 6 SYSTEMPATH\CodeIgniter.php(821): CodeIgniter\Router\RouteCollection->loadRoutes()
 7 SYSTEMPATH\CodeIgniter.php(455): CodeIgniter\CodeIgniter->tryToRouteIt(null)
 8 SYSTEMPATH\CodeIgniter.php(354): CodeIgniter\CodeIgniter->handleRequest(null, Object(Config\Cache), false)
 9 SYSTEMPATH\Boot.php(363): CodeIgniter\CodeIgniter->run()
10 SYSTEMPATH\Boot.php(68): CodeIgniter\Boot::runCodeIgniter(Object(CodeIgniter\CodeIgniter))
11 FCPATH\index.php(59): CodeIgniter\Boot::bootWeb(Object(Config\Paths))
WARNING - 2026-04-23 20:16:23 --> [DEPRECATED] Passing lowercase HTTP method "post" is deprecated. Use uppercase HTTP method like "POST". in SYSTEMPATH\Router\RouteCollection.php on line 1026.
 1 SYSTEMPATH\Router\RouteCollection.php(1026): trigger_error('Passing lowercase HTTP method "post" is deprecated. Use uppercase HTTP method like "POST".', 16384)
 2 APPPATH\Config\Routes.php(78): CodeIgniter\Router\RouteCollection->match([...], 'konfirmasi/(:num)/(:any)', 'Peminjaman::konfirmasi/$1/$2')
 3 SYSTEMPATH\Router\RouteCollection.php(799): CodeIgniter\Router\RouteCollection->{closure}(Object(CodeIgniter\Router\RouteCollection))
 4 APPPATH\Config\Routes.php(61): CodeIgniter\Router\RouteCollection->group('peminjaman', [...], Object(Closure))
 5 SYSTEMPATH\Router\RouteCollection.php(339): require('C:\\xampp\\htdocs\\bukustan\\app\\Config\\Routes.php')
 6 SYSTEMPATH\CodeIgniter.php(821): CodeIgniter\Router\RouteCollection->loadRoutes()
 7 SYSTEMPATH\CodeIgniter.php(455): CodeIgniter\CodeIgniter->tryToRouteIt(null)
 8 SYSTEMPATH\CodeIgniter.php(354): CodeIgniter\CodeIgniter->handleRequest(null, Object(Config\Cache), false)
 9 SYSTEMPATH\Boot.php(363): CodeIgniter\CodeIgniter->run()
10 SYSTEMPATH\Boot.php(68): CodeIgniter\Boot::runCodeIgniter(Object(CodeIgniter\CodeIgniter))
11 FCPATH\index.php(59): CodeIgniter\Boot::bootWeb(Object(Config\Paths))
WARNING - 2026-04-23 20:16:23 --> [DEPRECATED] Passing lowercase HTTP method "get" is deprecated. Use uppercase HTTP method like "GET". in SYSTEMPATH\Router\RouteCollection.php on line 1026.
 1 SYSTEMPATH\Router\RouteCollection.php(1026): trigger_error('Passing lowercase HTTP method "get" is deprecated. Use uppercase HTTP method like "GET".', 16384)
 2 APPPATH\Config\Routes.php(78): CodeIgniter\Router\RouteCollection->match([...], 'konfirmasi/(:num)/(:any)', 'Peminjaman::konfirmasi/$1/$2')
 3 SYSTEMPATH\Router\RouteCollection.php(799): CodeIgniter\Router\RouteCollection->{closure}(Object(CodeIgniter\Router\RouteCollection))
 4 APPPATH\Config\Routes.php(61): CodeIgniter\Router\RouteCollection->group('peminjaman', [...], Object(Closure))
 5 SYSTEMPATH\Router\RouteCollection.php(339): require('C:\\xampp\\htdocs\\bukustan\\app\\Config\\Routes.php')
 6 SYSTEMPATH\CodeIgniter.php(821): CodeIgniter\Router\RouteCollection->loadRoutes()
 7 SYSTEMPATH\CodeIgniter.php(455): CodeIgniter\CodeIgniter->tryToRouteIt(null)
 8 SYSTEMPATH\CodeIgniter.php(354): CodeIgniter\CodeIgniter->handleRequest(null, Object(Config\Cache), false)
 9 SYSTEMPATH\Boot.php(363): CodeIgniter\CodeIgniter->run()
10 SYSTEMPATH\Boot.php(68): CodeIgniter\Boot::runCodeIgniter(Object(CodeIgniter\CodeIgniter))
11 FCPATH\index.php(59): CodeIgniter\Boot::bootWeb(Object(Config\Paths))
WARNING - 2026-04-23 20:16:23 --> [DEPRECATED] Passing lowercase HTTP method "post" is deprecated. Use uppercase HTTP method like "POST". in SYSTEMPATH\Router\RouteCollection.php on line 1026.
 1 SYSTEMPATH\Router\RouteCollection.php(1026): trigger_error('Passing lowercase HTTP method "post" is deprecated. Use uppercase HTTP method like "POST".', 16384)
 2 APPPATH\Config\Routes.php(78): CodeIgniter\Router\RouteCollection->match([...], 'konfirmasi/(:num)/(:any)', 'Peminjaman::konfirmasi/$1/$2')
 3 SYSTEMPATH\Router\RouteCollection.php(799): CodeIgniter\Router\RouteCollection->{closure}(Object(CodeIgniter\Router\RouteCollection))
 4 APPPATH\Config\Routes.php(61): CodeIgniter\Router\RouteCollection->group('peminjaman', [...], Object(Closure))
 5 SYSTEMPATH\Router\RouteCollection.php(339): require('C:\\xampp\\htdocs\\bukustan\\app\\Config\\Routes.php')
 6 SYSTEMPATH\CodeIgniter.php(821): CodeIgniter\Router\RouteCollection->loadRoutes()
 7 SYSTEMPATH\CodeIgniter.php(455): CodeIgniter\CodeIgniter->tryToRouteIt(null)
 8 SYSTEMPATH\CodeIgniter.php(354): CodeIgniter\CodeIgniter->handleRequest(null, Object(Config\Cache), false)
 9 SYSTEMPATH\Boot.php(363): CodeIgniter\CodeIgniter->run()
10 SYSTEMPATH\Boot.php(68): CodeIgniter\Boot::runCodeIgniter(Object(CodeIgniter\CodeIgniter))
11 FCPATH\index.php(59): CodeIgniter\Boot::bootWeb(Object(Config\Paths))
WARNING - 2026-04-23 20:16:23 --> [DEPRECATED] Passing lowercase HTTP method "get" is deprecated. Use uppercase HTTP method like "GET". in SYSTEMPATH\Router\RouteCollection.php on line 1026.
 1 SYSTEMPATH\Router\RouteCollection.php(1026): trigger_error('Passing lowercase HTTP method "get" is deprecated. Use uppercase HTTP method like "GET".', 16384)
 2 APPPATH\Config\Routes.php(78): CodeIgniter\Router\RouteCollection->match([...], 'konfirmasi/(:num)/(:any)', 'Peminjaman::konfirmasi/$1/$2')
 3 SYSTEMPATH\Router\RouteCollection.php(799): CodeIgniter\Router\RouteCollection->{closure}(Object(CodeIgniter\Router\RouteCollection))
 4 APPPATH\Config\Routes.php(61): CodeIgniter\Router\RouteCollection->group('peminjaman', [...], Object(Closure))
 5 SYSTEMPATH\Router\RouteCollection.php(339): require('C:\\xampp\\htdocs\\bukustan\\app\\Config\\Routes.php')
 6 SYSTEMPATH\CodeIgniter.php(821): CodeIgniter\Router\RouteCollection->loadRoutes()
 7 SYSTEMPATH\CodeIgniter.php(455): CodeIgniter\CodeIgniter->tryToRouteIt(null)
 8 SYSTEMPATH\CodeIgniter.php(354): CodeIgniter\CodeIgniter->handleRequest(null, Object(Config\Cache), false)
 9 SYSTEMPATH\Boot.php(363): CodeIgniter\CodeIgniter->run()
10 SYSTEMPATH\Boot.php(68): CodeIgniter\Boot::runCodeIgniter(Object(CodeIgniter\CodeIgniter))
11 FCPATH\index.php(59): CodeIgniter\Boot::bootWeb(Object(Config\Paths))
WARNING - 2026-04-23 20:16:23 --> [DEPRECATED] Passing lowercase HTTP method "post" is deprecated. Use uppercase HTTP method like "POST". in SYSTEMPATH\Router\RouteCollection.php on line 1026.
 1 SYSTEMPATH\Router\RouteCollection.php(1026): trigger_error('Passing lowercase HTTP method "post" is deprecated. Use uppercase HTTP method like "POST".', 16384)
 2 APPPATH\Config\Routes.php(78): CodeIgniter\Router\RouteCollection->match([...], 'konfirmasi/(:num)/(:any)', 'Peminjaman::konfirmasi/$1/$2')
 3 SYSTEMPATH\Router\RouteCollection.php(799): CodeIgniter\Router\RouteCollection->{closure}(Object(CodeIgniter\Router\RouteCollection))
 4 APPPATH\Config\Routes.php(61): CodeIgniter\Router\RouteCollection->group('peminjaman', [...], Object(Closure))
 5 SYSTEMPATH\Router\RouteCollection.php(339): require('C:\\xampp\\htdocs\\bukustan\\app\\Config\\Routes.php')
 6 SYSTEMPATH\CodeIgniter.php(821): CodeIgniter\Router\RouteCollection->loadRoutes()
 7 SYSTEMPATH\CodeIgniter.php(455): CodeIgniter\CodeIgniter->tryToRouteIt(null)
 8 SYSTEMPATH\CodeIgniter.php(354): CodeIgniter\CodeIgniter->handleRequest(null, Object(Config\Cache), false)
 9 SYSTEMPATH\Boot.php(363): CodeIgniter\CodeIgniter->run()
10 SYSTEMPATH\Boot.php(68): CodeIgniter\Boot::runCodeIgniter(Object(CodeIgniter\CodeIgniter))
11 FCPATH\index.php(59): CodeIgniter\Boot::bootWeb(Object(Config\Paths))
WARNING - 2026-04-23 20:16:23 --> [DEPRECATED] Passing lowercase HTTP method "get" is deprecated. Use uppercase HTTP method like "GET". in SYSTEMPATH\Router\RouteCollection.php on line 1026.
 1 SYSTEMPATH\Router\RouteCollection.php(1026): trigger_error('Passing lowercase HTTP method "get" is deprecated. Use uppercase HTTP method like "GET".', 16384)
 2 APPPATH\Config\Routes.php(78): CodeIgniter\Router\RouteCollection->match([...], 'konfirmasi/(:num)/(:any)', 'Peminjaman::konfirmasi/$1/$2')
 3 SYSTEMPATH\Router\RouteCollection.php(799): CodeIgniter\Router\RouteCollection->{closure}(Object(CodeIgniter\Router\RouteCollection))
 4 APPPATH\Config\Routes.php(61): CodeIgniter\Router\RouteCollection->group('peminjaman', [...], Object(Closure))
 5 SYSTEMPATH\Router\RouteCollection.php(339): require('C:\\xampp\\htdocs\\bukustan\\app\\Config\\Routes.php')
 6 SYSTEMPATH\CodeIgniter.php(821): CodeIgniter\Router\RouteCollection->loadRoutes()
 7 SYSTEMPATH\CodeIgniter.php(455): CodeIgniter\CodeIgniter->tryToRouteIt(null)
 8 SYSTEMPATH\CodeIgniter.php(354): CodeIgniter\CodeIgniter->handleRequest(null, Object(Config\Cache), false)
 9 SYSTEMPATH\Boot.php(363): CodeIgniter\CodeIgniter->run()
10 SYSTEMPATH\Boot.php(68): CodeIgniter\Boot::runCodeIgniter(Object(CodeIgniter\CodeIgniter))
11 FCPATH\index.php(59): CodeIgniter\Boot::bootWeb(Object(Config\Paths))
WARNING - 2026-04-23 20:16:23 --> [DEPRECATED] Passing lowercase HTTP method "post" is deprecated. Use uppercase HTTP method like "POST". in SYSTEMPATH\Router\RouteCollection.php on line 1026.
 1 SYSTEMPATH\Router\RouteCollection.php(1026): trigger_error('Passing lowercase HTTP method "post" is deprecated. Use uppercase HTTP method like "POST".', 16384)
 2 APPPATH\Config\Routes.php(78): CodeIgniter\Router\RouteCollection->match([...], 'konfirmasi/(:num)/(:any)', 'Peminjaman::konfirmasi/$1/$2')
 3 SYSTEMPATH\Router\RouteCollection.php(799): CodeIgniter\Router\RouteCollection->{closure}(Object(CodeIgniter\Router\RouteCollection))
 4 APPPATH\Config\Routes.php(61): CodeIgniter\Router\RouteCollection->group('peminjaman', [...], Object(Closure))
 5 SYSTEMPATH\Router\RouteCollection.php(339): require('C:\\xampp\\htdocs\\bukustan\\app\\Config\\Routes.php')
 6 SYSTEMPATH\CodeIgniter.php(821): CodeIgniter\Router\RouteCollection->loadRoutes()
 7 SYSTEMPATH\CodeIgniter.php(455): CodeIgniter\CodeIgniter->tryToRouteIt(null)
 8 SYSTEMPATH\CodeIgniter.php(354): CodeIgniter\CodeIgniter->handleRequest(null, Object(Config\Cache), false)
 9 SYSTEMPATH\Boot.php(363): CodeIgniter\CodeIgniter->run()
10 SYSTEMPATH\Boot.php(68): CodeIgniter\Boot::runCodeIgniter(Object(CodeIgniter\CodeIgniter))
11 FCPATH\index.php(59): CodeIgniter\Boot::bootWeb(Object(Config\Paths))
WARNING - 2026-04-23 20:16:26 --> [DEPRECATED] Passing lowercase HTTP method "get" is deprecated. Use uppercase HTTP method like "GET". in SYSTEMPATH\Router\RouteCollection.php on line 1026.
 1 SYSTEMPATH\Router\RouteCollection.php(1026): trigger_error('Passing lowercase HTTP method "get" is deprecated. Use uppercase HTTP method like "GET".', 16384)
 2 APPPATH\Config\Routes.php(78): CodeIgniter\Router\RouteCollection->match([...], 'konfirmasi/(:num)/(:any)', 'Peminjaman::konfirmasi/$1/$2')
 3 SYSTEMPATH\Router\RouteCollection.php(799): CodeIgniter\Router\RouteCollection->{closure}(Object(CodeIgniter\Router\RouteCollection))
 4 APPPATH\Config\Routes.php(61): CodeIgniter\Router\RouteCollection->group('peminjaman', [...], Object(Closure))
 5 SYSTEMPATH\Router\RouteCollection.php(339): require('C:\\xampp\\htdocs\\bukustan\\app\\Config\\Routes.php')
 6 SYSTEMPATH\CodeIgniter.php(821): CodeIgniter\Router\RouteCollection->loadRoutes()
 7 SYSTEMPATH\CodeIgniter.php(455): CodeIgniter\CodeIgniter->tryToRouteIt(null)
 8 SYSTEMPATH\CodeIgniter.php(354): CodeIgniter\CodeIgniter->handleRequest(null, Object(Config\Cache), false)
 9 SYSTEMPATH\Boot.php(363): CodeIgniter\CodeIgniter->run()
10 SYSTEMPATH\Boot.php(68): CodeIgniter\Boot::runCodeIgniter(Object(CodeIgniter\CodeIgniter))
11 FCPATH\index.php(59): CodeIgniter\Boot::bootWeb(Object(Config\Paths))
WARNING - 2026-04-23 20:16:26 --> [DEPRECATED] Passing lowercase HTTP method "post" is deprecated. Use uppercase HTTP method like "POST". in SYSTEMPATH\Router\RouteCollection.php on line 1026.
 1 SYSTEMPATH\Router\RouteCollection.php(1026): trigger_error('Passing lowercase HTTP method "post" is deprecated. Use uppercase HTTP method like "POST".', 16384)
 2 APPPATH\Config\Routes.php(78): CodeIgniter\Router\RouteCollection->match([...], 'konfirmasi/(:num)/(:any)', 'Peminjaman::konfirmasi/$1/$2')
 3 SYSTEMPATH\Router\RouteCollection.php(799): CodeIgniter\Router\RouteCollection->{closure}(Object(CodeIgniter\Router\RouteCollection))
 4 APPPATH\Config\Routes.php(61): CodeIgniter\Router\RouteCollection->group('peminjaman', [...], Object(Closure))
 5 SYSTEMPATH\Router\RouteCollection.php(339): require('C:\\xampp\\htdocs\\bukustan\\app\\Config\\Routes.php')
 6 SYSTEMPATH\CodeIgniter.php(821): CodeIgniter\Router\RouteCollection->loadRoutes()
 7 SYSTEMPATH\CodeIgniter.php(455): CodeIgniter\CodeIgniter->tryToRouteIt(null)
 8 SYSTEMPATH\CodeIgniter.php(354): CodeIgniter\CodeIgniter->handleRequest(null, Object(Config\Cache), false)
 9 SYSTEMPATH\Boot.php(363): CodeIgniter\CodeIgniter->run()
10 SYSTEMPATH\Boot.php(68): CodeIgniter\Boot::runCodeIgniter(Object(CodeIgniter\CodeIgniter))
11 FCPATH\index.php(59): CodeIgniter\Boot::bootWeb(Object(Config\Paths))
DEBUG - 2026-04-23 20:16:26 --> Session: Class initialized using 'CodeIgniter\Session\Handlers\FileHandler' driver.
CRITICAL - 2026-04-23 20:16:26 --> ErrorException: Cannot redeclare App\Controllers\Peminjaman::kirim_peringatan()
[Method: GET, Route: peminjaman]
in APPPATH\Controllers\Peminjaman.php on line 246.
 1 [internal function]: CodeIgniter\Debug\Exceptions->shutdownHandler()
WARNING - 2026-04-23 20:16:28 --> [DEPRECATED] Passing lowercase HTTP method "get" is deprecated. Use uppercase HTTP method like "GET". in SYSTEMPATH\Router\RouteCollection.php on line 1026.
 1 SYSTEMPATH\Router\RouteCollection.php(1026): trigger_error('Passing lowercase HTTP method "get" is deprecated. Use uppercase HTTP method like "GET".', 16384)
 2 APPPATH\Config\Routes.php(78): CodeIgniter\Router\RouteCollection->match([...], 'konfirmasi/(:num)/(:any)', 'Peminjaman::konfirmasi/$1/$2')
 3 SYSTEMPATH\Router\RouteCollection.php(799): CodeIgniter\Router\RouteCollection->{closure}(Object(CodeIgniter\Router\RouteCollection))
 4 APPPATH\Config\Routes.php(61): CodeIgniter\Router\RouteCollection->group('peminjaman', [...], Object(Closure))
 5 SYSTEMPATH\Router\RouteCollection.php(339): require('C:\\xampp\\htdocs\\bukustan\\app\\Config\\Routes.php')
 6 SYSTEMPATH\CodeIgniter.php(821): CodeIgniter\Router\RouteCollection->loadRoutes()
 7 SYSTEMPATH\CodeIgniter.php(455): CodeIgniter\CodeIgniter->tryToRouteIt(null)
 8 SYSTEMPATH\CodeIgniter.php(354): CodeIgniter\CodeIgniter->handleRequest(null, Object(Config\Cache), false)
 9 SYSTEMPATH\Boot.php(363): CodeIgniter\CodeIgniter->run()
10 SYSTEMPATH\Boot.php(68): CodeIgniter\Boot::runCodeIgniter(Object(CodeIgniter\CodeIgniter))
11 FCPATH\index.php(59): CodeIgniter\Boot::bootWeb(Object(Config\Paths))
WARNING - 2026-04-23 20:16:28 --> [DEPRECATED] Passing lowercase HTTP method "post" is deprecated. Use uppercase HTTP method like "POST". in SYSTEMPATH\Router\RouteCollection.php on line 1026.
 1 SYSTEMPATH\Router\RouteCollection.php(1026): trigger_error('Passing lowercase HTTP method "post" is deprecated. Use uppercase HTTP method like "POST".', 16384)
 2 APPPATH\Config\Routes.php(78): CodeIgniter\Router\RouteCollection->match([...], 'konfirmasi/(:num)/(:any)', 'Peminjaman::konfirmasi/$1/$2')
 3 SYSTEMPATH\Router\RouteCollection.php(799): CodeIgniter\Router\RouteCollection->{closure}(Object(CodeIgniter\Router\RouteCollection))
 4 APPPATH\Config\Routes.php(61): CodeIgniter\Router\RouteCollection->group('peminjaman', [...], Object(Closure))
 5 SYSTEMPATH\Router\RouteCollection.php(339): require('C:\\xampp\\htdocs\\bukustan\\app\\Config\\Routes.php')
 6 SYSTEMPATH\CodeIgniter.php(821): CodeIgniter\Router\RouteCollection->loadRoutes()
 7 SYSTEMPATH\CodeIgniter.php(455): CodeIgniter\CodeIgniter->tryToRouteIt(null)
 8 SYSTEMPATH\CodeIgniter.php(354): CodeIgniter\CodeIgniter->handleRequest(null, Object(Config\Cache), false)
 9 SYSTEMPATH\Boot.php(363): CodeIgniter\CodeIgniter->run()
10 SYSTEMPATH\Boot.php(68): CodeIgniter\Boot::runCodeIgniter(Object(CodeIgniter\CodeIgniter))
11 FCPATH\index.php(59): CodeIgniter\Boot::bootWeb(Object(Config\Paths))
DEBUG - 2026-04-23 20:16:28 --> Session: Class initialized using 'CodeIgniter\Session\Handlers\FileHandler' driver.
CRITICAL - 2026-04-23 20:16:28 --> ErrorException: Cannot redeclare App\Controllers\Peminjaman::kirim_peringatan()
[Method: GET, Route: peminjaman]
in APPPATH\Controllers\Peminjaman.php on line 246.
 1 [internal function]: CodeIgniter\Debug\Exceptions->shutdownHandler()
WARNING - 2026-04-23 20:17:47 --> [DEPRECATED] Passing lowercase HTTP method "get" is deprecated. Use uppercase HTTP method like "GET". in SYSTEMPATH\Router\RouteCollection.php on line 1026.
 1 SYSTEMPATH\Router\RouteCollection.php(1026): trigger_error('Passing lowercase HTTP method "get" is deprecated. Use uppercase HTTP method like "GET".', 16384)
 2 APPPATH\Config\Routes.php(78): CodeIgniter\Router\RouteCollection->match([...], 'konfirmasi/(:num)/(:any)', 'Peminjaman::konfirmasi/$1/$2')
 3 SYSTEMPATH\Router\RouteCollection.php(799): CodeIgniter\Router\RouteCollection->{closure}(Object(CodeIgniter\Router\RouteCollection))
 4 APPPATH\Config\Routes.php(61): CodeIgniter\Router\RouteCollection->group('peminjaman', [...], Object(Closure))
 5 SYSTEMPATH\Router\RouteCollection.php(339): require('C:\\xampp\\htdocs\\bukustan\\app\\Config\\Routes.php')
 6 SYSTEMPATH\CodeIgniter.php(821): CodeIgniter\Router\RouteCollection->loadRoutes()
 7 SYSTEMPATH\CodeIgniter.php(455): CodeIgniter\CodeIgniter->tryToRouteIt(null)
 8 SYSTEMPATH\CodeIgniter.php(354): CodeIgniter\CodeIgniter->handleRequest(null, Object(Config\Cache), false)
 9 SYSTEMPATH\Boot.php(363): CodeIgniter\CodeIgniter->run()
10 SYSTEMPATH\Boot.php(68): CodeIgniter\Boot::runCodeIgniter(Object(CodeIgniter\CodeIgniter))
11 FCPATH\index.php(59): CodeIgniter\Boot::bootWeb(Object(Config\Paths))
WARNING - 2026-04-23 20:17:47 --> [DEPRECATED] Passing lowercase HTTP method "post" is deprecated. Use uppercase HTTP method like "POST". in SYSTEMPATH\Router\RouteCollection.php on line 1026.
 1 SYSTEMPATH\Router\RouteCollection.php(1026): trigger_error('Passing lowercase HTTP method "post" is deprecated. Use uppercase HTTP method like "POST".', 16384)
 2 APPPATH\Config\Routes.php(78): CodeIgniter\Router\RouteCollection->match([...], 'konfirmasi/(:num)/(:any)', 'Peminjaman::konfirmasi/$1/$2')
 3 SYSTEMPATH\Router\RouteCollection.php(799): CodeIgniter\Router\RouteCollection->{closure}(Object(CodeIgniter\Router\RouteCollection))
 4 APPPATH\Config\Routes.php(61): CodeIgniter\Router\RouteCollection->group('peminjaman', [...], Object(Closure))
 5 SYSTEMPATH\Router\RouteCollection.php(339): require('C:\\xampp\\htdocs\\bukustan\\app\\Config\\Routes.php')
 6 SYSTEMPATH\CodeIgniter.php(821): CodeIgniter\Router\RouteCollection->loadRoutes()
 7 SYSTEMPATH\CodeIgniter.php(455): CodeIgniter\CodeIgniter->tryToRouteIt(null)
 8 SYSTEMPATH\CodeIgniter.php(354): CodeIgniter\CodeIgniter->handleRequest(null, Object(Config\Cache), false)
 9 SYSTEMPATH\Boot.php(363): CodeIgniter\CodeIgniter->run()
10 SYSTEMPATH\Boot.php(68): CodeIgniter\Boot::runCodeIgniter(Object(CodeIgniter\CodeIgniter))
11 FCPATH\index.php(59): CodeIgniter\Boot::bootWeb(Object(Config\Paths))
DEBUG - 2026-04-23 20:17:47 --> Session: Class initialized using 'CodeIgniter\Session\Handlers\FileHandler' driver.
WARNING - 2026-04-23 20:17:51 --> [DEPRECATED] Passing lowercase HTTP method "get" is deprecated. Use uppercase HTTP method like "GET". in SYSTEMPATH\Router\RouteCollection.php on line 1026.
 1 SYSTEMPATH\Router\RouteCollection.php(1026): trigger_error('Passing lowercase HTTP method "get" is deprecated. Use uppercase HTTP method like "GET".', 16384)
 2 APPPATH\Config\Routes.php(78): CodeIgniter\Router\RouteCollection->match([...], 'konfirmasi/(:num)/(:any)', 'Peminjaman::konfirmasi/$1/$2')
 3 SYSTEMPATH\Router\RouteCollection.php(799): CodeIgniter\Router\RouteCollection->{closure}(Object(CodeIgniter\Router\RouteCollection))
 4 APPPATH\Config\Routes.php(61): CodeIgniter\Router\RouteCollection->group('peminjaman', [...], Object(Closure))
 5 SYSTEMPATH\Router\RouteCollection.php(339): require('C:\\xampp\\htdocs\\bukustan\\app\\Config\\Routes.php')
 6 SYSTEMPATH\CodeIgniter.php(821): CodeIgniter\Router\RouteCollection->loadRoutes()
 7 SYSTEMPATH\CodeIgniter.php(455): CodeIgniter\CodeIgniter->tryToRouteIt(null)
 8 SYSTEMPATH\CodeIgniter.php(354): CodeIgniter\CodeIgniter->handleRequest(null, Object(Config\Cache), false)
 9 SYSTEMPATH\Boot.php(363): CodeIgniter\CodeIgniter->run()
10 SYSTEMPATH\Boot.php(68): CodeIgniter\Boot::runCodeIgniter(Object(CodeIgniter\CodeIgniter))
11 FCPATH\index.php(59): CodeIgniter\Boot::bootWeb(Object(Config\Paths))
WARNING - 2026-04-23 20:17:51 --> [DEPRECATED] Passing lowercase HTTP method "post" is deprecated. Use uppercase HTTP method like "POST". in SYSTEMPATH\Router\RouteCollection.php on line 1026.
 1 SYSTEMPATH\Router\RouteCollection.php(1026): trigger_error('Passing lowercase HTTP method "post" is deprecated. Use uppercase HTTP method like "POST".', 16384)
 2 APPPATH\Config\Routes.php(78): CodeIgniter\Router\RouteCollection->match([...], 'konfirmasi/(:num)/(:any)', 'Peminjaman::konfirmasi/$1/$2')
 3 SYSTEMPATH\Router\RouteCollection.php(799): CodeIgniter\Router\RouteCollection->{closure}(Object(CodeIgniter\Router\RouteCollection))
 4 APPPATH\Config\Routes.php(61): CodeIgniter\Router\RouteCollection->group('peminjaman', [...], Object(Closure))
 5 SYSTEMPATH\Router\RouteCollection.php(339): require('C:\\xampp\\htdocs\\bukustan\\app\\Config\\Routes.php')
 6 SYSTEMPATH\CodeIgniter.php(821): CodeIgniter\Router\RouteCollection->loadRoutes()
 7 SYSTEMPATH\CodeIgniter.php(455): CodeIgniter\CodeIgniter->tryToRouteIt(null)
 8 SYSTEMPATH\CodeIgniter.php(354): CodeIgniter\CodeIgniter->handleRequest(null, Object(Config\Cache), false)
 9 SYSTEMPATH\Boot.php(363): CodeIgniter\CodeIgniter->run()
10 SYSTEMPATH\Boot.php(68): CodeIgniter\Boot::runCodeIgniter(Object(CodeIgniter\CodeIgniter))
11 FCPATH\index.php(59): CodeIgniter\Boot::bootWeb(Object(Config\Paths))
DEBUG - 2026-04-23 20:17:51 --> Session: Class initialized using 'CodeIgniter\Session\Handlers\FileHandler' driver.
WARNING - 2026-04-23 20:17:51 --> [DEPRECATED] Passing lowercase HTTP method "get" is deprecated. Use uppercase HTTP method like "GET". in SYSTEMPATH\Router\RouteCollection.php on line 1026.
 1 SYSTEMPATH\Router\RouteCollection.php(1026): trigger_error('Passing lowercase HTTP method "get" is deprecated. Use uppercase HTTP method like "GET".', 16384)
 2 APPPATH\Config\Routes.php(78): CodeIgniter\Router\RouteCollection->match([...], 'konfirmasi/(:num)/(:any)', 'Peminjaman::konfirmasi/$1/$2')
 3 SYSTEMPATH\Router\RouteCollection.php(799): CodeIgniter\Router\RouteCollection->{closure}(Object(CodeIgniter\Router\RouteCollection))
 4 APPPATH\Config\Routes.php(61): CodeIgniter\Router\RouteCollection->group('peminjaman', [...], Object(Closure))
 5 SYSTEMPATH\Router\RouteCollection.php(339): require('C:\\xampp\\htdocs\\bukustan\\app\\Config\\Routes.php')
 6 SYSTEMPATH\CodeIgniter.php(821): CodeIgniter\Router\RouteCollection->loadRoutes()
 7 SYSTEMPATH\CodeIgniter.php(455): CodeIgniter\CodeIgniter->tryToRouteIt(null)
 8 SYSTEMPATH\CodeIgniter.php(354): CodeIgniter\CodeIgniter->handleRequest(null, Object(Config\Cache), false)
 9 SYSTEMPATH\Boot.php(363): CodeIgniter\CodeIgniter->run()
10 SYSTEMPATH\Boot.php(68): CodeIgniter\Boot::runCodeIgniter(Object(CodeIgniter\CodeIgniter))
11 FCPATH\index.php(59): CodeIgniter\Boot::bootWeb(Object(Config\Paths))
WARNING - 2026-04-23 20:17:51 --> [DEPRECATED] Passing lowercase HTTP method "post" is deprecated. Use uppercase HTTP method like "POST". in SYSTEMPATH\Router\RouteCollection.php on line 1026.
 1 SYSTEMPATH\Router\RouteCollection.php(1026): trigger_error('Passing lowercase HTTP method "post" is deprecated. Use uppercase HTTP method like "POST".', 16384)
 2 APPPATH\Config\Routes.php(78): CodeIgniter\Router\RouteCollection->match([...], 'konfirmasi/(:num)/(:any)', 'Peminjaman::konfirmasi/$1/$2')
 3 SYSTEMPATH\Router\RouteCollection.php(799): CodeIgniter\Router\RouteCollection->{closure}(Object(CodeIgniter\Router\RouteCollection))
 4 APPPATH\Config\Routes.php(61): CodeIgniter\Router\RouteCollection->group('peminjaman', [...], Object(Closure))
 5 SYSTEMPATH\Router\RouteCollection.php(339): require('C:\\xampp\\htdocs\\bukustan\\app\\Config\\Routes.php')
 6 SYSTEMPATH\CodeIgniter.php(821): CodeIgniter\Router\RouteCollection->loadRoutes()
 7 SYSTEMPATH\CodeIgniter.php(455): CodeIgniter\CodeIgniter->tryToRouteIt(null)
 8 SYSTEMPATH\CodeIgniter.php(354): CodeIgniter\CodeIgniter->handleRequest(null, Object(Config\Cache), false)
 9 SYSTEMPATH\Boot.php(363): CodeIgniter\CodeIgniter->run()
10 SYSTEMPATH\Boot.php(68): CodeIgniter\Boot::runCodeIgniter(Object(CodeIgniter\CodeIgniter))
11 FCPATH\index.php(59): CodeIgniter\Boot::bootWeb(Object(Config\Paths))
DEBUG - 2026-04-23 20:17:51 --> Session: Class initialized using 'CodeIgniter\Session\Handlers\FileHandler' driver.
WARNING - 2026-04-23 20:17:57 --> [DEPRECATED] Passing lowercase HTTP method "get" is deprecated. Use uppercase HTTP method like "GET". in SYSTEMPATH\Router\RouteCollection.php on line 1026.
 1 SYSTEMPATH\Router\RouteCollection.php(1026): trigger_error('Passing lowercase HTTP method "get" is deprecated. Use uppercase HTTP method like "GET".', 16384)
 2 APPPATH\Config\Routes.php(78): CodeIgniter\Router\RouteCollection->match([...], 'konfirmasi/(:num)/(:any)', 'Peminjaman::konfirmasi/$1/$2')
 3 SYSTEMPATH\Router\RouteCollection.php(799): CodeIgniter\Router\RouteCollection->{closure}(Object(CodeIgniter\Router\RouteCollection))
 4 APPPATH\Config\Routes.php(61): CodeIgniter\Router\RouteCollection->group('peminjaman', [...], Object(Closure))
 5 SYSTEMPATH\Router\RouteCollection.php(339): require('C:\\xampp\\htdocs\\bukustan\\app\\Config\\Routes.php')
 6 SYSTEMPATH\CodeIgniter.php(821): CodeIgniter\Router\RouteCollection->loadRoutes()
 7 SYSTEMPATH\CodeIgniter.php(455): CodeIgniter\CodeIgniter->tryToRouteIt(null)
 8 SYSTEMPATH\CodeIgniter.php(354): CodeIgniter\CodeIgniter->handleRequest(null, Object(Config\Cache), false)
 9 SYSTEMPATH\Boot.php(363): CodeIgniter\CodeIgniter->run()
10 SYSTEMPATH\Boot.php(68): CodeIgniter\Boot::runCodeIgniter(Object(CodeIgniter\CodeIgniter))
11 FCPATH\index.php(59): CodeIgniter\Boot::bootWeb(Object(Config\Paths))
WARNING - 2026-04-23 20:17:57 --> [DEPRECATED] Passing lowercase HTTP method "post" is deprecated. Use uppercase HTTP method like "POST". in SYSTEMPATH\Router\RouteCollection.php on line 1026.
 1 SYSTEMPATH\Router\RouteCollection.php(1026): trigger_error('Passing lowercase HTTP method "post" is deprecated. Use uppercase HTTP method like "POST".', 16384)
 2 APPPATH\Config\Routes.php(78): CodeIgniter\Router\RouteCollection->match([...], 'konfirmasi/(:num)/(:any)', 'Peminjaman::konfirmasi/$1/$2')
 3 SYSTEMPATH\Router\RouteCollection.php(799): CodeIgniter\Router\RouteCollection->{closure}(Object(CodeIgniter\Router\RouteCollection))
 4 APPPATH\Config\Routes.php(61): CodeIgniter\Router\RouteCollection->group('peminjaman', [...], Object(Closure))
 5 SYSTEMPATH\Router\RouteCollection.php(339): require('C:\\xampp\\htdocs\\bukustan\\app\\Config\\Routes.php')
 6 SYSTEMPATH\CodeIgniter.php(821): CodeIgniter\Router\RouteCollection->loadRoutes()
 7 SYSTEMPATH\CodeIgniter.php(455): CodeIgniter\CodeIgniter->tryToRouteIt(null)
 8 SYSTEMPATH\CodeIgniter.php(354): CodeIgniter\CodeIgniter->handleRequest(null, Object(Config\Cache), false)
 9 SYSTEMPATH\Boot.php(363): CodeIgniter\CodeIgniter->run()
10 SYSTEMPATH\Boot.php(68): CodeIgniter\Boot::runCodeIgniter(Object(CodeIgniter\CodeIgniter))
11 FCPATH\index.php(59): CodeIgniter\Boot::bootWeb(Object(Config\Paths))
DEBUG - 2026-04-23 20:17:57 --> Session: Class initialized using 'CodeIgniter\Session\Handlers\FileHandler' driver.
WARNING - 2026-04-23 20:17:59 --> [DEPRECATED] Passing lowercase HTTP method "get" is deprecated. Use uppercase HTTP method like "GET". in SYSTEMPATH\Router\RouteCollection.php on line 1026.
 1 SYSTEMPATH\Router\RouteCollection.php(1026): trigger_error('Passing lowercase HTTP method "get" is deprecated. Use uppercase HTTP method like "GET".', 16384)
 2 APPPATH\Config\Routes.php(78): CodeIgniter\Router\RouteCollection->match([...], 'konfirmasi/(:num)/(:any)', 'Peminjaman::konfirmasi/$1/$2')
 3 SYSTEMPATH\Router\RouteCollection.php(799): CodeIgniter\Router\RouteCollection->{closure}(Object(CodeIgniter\Router\RouteCollection))
 4 APPPATH\Config\Routes.php(61): CodeIgniter\Router\RouteCollection->group('peminjaman', [...], Object(Closure))
 5 SYSTEMPATH\Router\RouteCollection.php(339): require('C:\\xampp\\htdocs\\bukustan\\app\\Config\\Routes.php')
 6 SYSTEMPATH\CodeIgniter.php(821): CodeIgniter\Router\RouteCollection->loadRoutes()
 7 SYSTEMPATH\CodeIgniter.php(455): CodeIgniter\CodeIgniter->tryToRouteIt(null)
 8 SYSTEMPATH\CodeIgniter.php(354): CodeIgniter\CodeIgniter->handleRequest(null, Object(Config\Cache), false)
 9 SYSTEMPATH\Boot.php(363): CodeIgniter\CodeIgniter->run()
10 SYSTEMPATH\Boot.php(68): CodeIgniter\Boot::runCodeIgniter(Object(CodeIgniter\CodeIgniter))
11 FCPATH\index.php(59): CodeIgniter\Boot::bootWeb(Object(Config\Paths))
WARNING - 2026-04-23 20:17:59 --> [DEPRECATED] Passing lowercase HTTP method "post" is deprecated. Use uppercase HTTP method like "POST". in SYSTEMPATH\Router\RouteCollection.php on line 1026.
 1 SYSTEMPATH\Router\RouteCollection.php(1026): trigger_error('Passing lowercase HTTP method "post" is deprecated. Use uppercase HTTP method like "POST".', 16384)
 2 APPPATH\Config\Routes.php(78): CodeIgniter\Router\RouteCollection->match([...], 'konfirmasi/(:num)/(:any)', 'Peminjaman::konfirmasi/$1/$2')
 3 SYSTEMPATH\Router\RouteCollection.php(799): CodeIgniter\Router\RouteCollection->{closure}(Object(CodeIgniter\Router\RouteCollection))
 4 APPPATH\Config\Routes.php(61): CodeIgniter\Router\RouteCollection->group('peminjaman', [...], Object(Closure))
 5 SYSTEMPATH\Router\RouteCollection.php(339): require('C:\\xampp\\htdocs\\bukustan\\app\\Config\\Routes.php')
 6 SYSTEMPATH\CodeIgniter.php(821): CodeIgniter\Router\RouteCollection->loadRoutes()
 7 SYSTEMPATH\CodeIgniter.php(455): CodeIgniter\CodeIgniter->tryToRouteIt(null)
 8 SYSTEMPATH\CodeIgniter.php(354): CodeIgniter\CodeIgniter->handleRequest(null, Object(Config\Cache), false)
 9 SYSTEMPATH\Boot.php(363): CodeIgniter\CodeIgniter->run()
10 SYSTEMPATH\Boot.php(68): CodeIgniter\Boot::runCodeIgniter(Object(CodeIgniter\CodeIgniter))
11 FCPATH\index.php(59): CodeIgniter\Boot::bootWeb(Object(Config\Paths))
DEBUG - 2026-04-23 20:17:59 --> Session: Class initialized using 'CodeIgniter\Session\Handlers\FileHandler' driver.
WARNING - 2026-04-23 20:18:01 --> [DEPRECATED] Passing lowercase HTTP method "get" is deprecated. Use uppercase HTTP method like "GET". in SYSTEMPATH\Router\RouteCollection.php on line 1026.
 1 SYSTEMPATH\Router\RouteCollection.php(1026): trigger_error('Passing lowercase HTTP method "get" is deprecated. Use uppercase HTTP method like "GET".', 16384)
 2 APPPATH\Config\Routes.php(78): CodeIgniter\Router\RouteCollection->match([...], 'konfirmasi/(:num)/(:any)', 'Peminjaman::konfirmasi/$1/$2')
 3 SYSTEMPATH\Router\RouteCollection.php(799): CodeIgniter\Router\RouteCollection->{closure}(Object(CodeIgniter\Router\RouteCollection))
 4 APPPATH\Config\Routes.php(61): CodeIgniter\Router\RouteCollection->group('peminjaman', [...], Object(Closure))
 5 SYSTEMPATH\Router\RouteCollection.php(339): require('C:\\xampp\\htdocs\\bukustan\\app\\Config\\Routes.php')
 6 SYSTEMPATH\CodeIgniter.php(821): CodeIgniter\Router\RouteCollection->loadRoutes()
 7 SYSTEMPATH\CodeIgniter.php(455): CodeIgniter\CodeIgniter->tryToRouteIt(null)
 8 SYSTEMPATH\CodeIgniter.php(354): CodeIgniter\CodeIgniter->handleRequest(null, Object(Config\Cache), false)
 9 SYSTEMPATH\Boot.php(363): CodeIgniter\CodeIgniter->run()
10 SYSTEMPATH\Boot.php(68): CodeIgniter\Boot::runCodeIgniter(Object(CodeIgniter\CodeIgniter))
11 FCPATH\index.php(59): CodeIgniter\Boot::bootWeb(Object(Config\Paths))
WARNING - 2026-04-23 20:18:01 --> [DEPRECATED] Passing lowercase HTTP method "post" is deprecated. Use uppercase HTTP method like "POST". in SYSTEMPATH\Router\RouteCollection.php on line 1026.
 1 SYSTEMPATH\Router\RouteCollection.php(1026): trigger_error('Passing lowercase HTTP method "post" is deprecated. Use uppercase HTTP method like "POST".', 16384)
 2 APPPATH\Config\Routes.php(78): CodeIgniter\Router\RouteCollection->match([...], 'konfirmasi/(:num)/(:any)', 'Peminjaman::konfirmasi/$1/$2')
 3 SYSTEMPATH\Router\RouteCollection.php(799): CodeIgniter\Router\RouteCollection->{closure}(Object(CodeIgniter\Router\RouteCollection))
 4 APPPATH\Config\Routes.php(61): CodeIgniter\Router\RouteCollection->group('peminjaman', [...], Object(Closure))
 5 SYSTEMPATH\Router\RouteCollection.php(339): require('C:\\xampp\\htdocs\\bukustan\\app\\Config\\Routes.php')
 6 SYSTEMPATH\CodeIgniter.php(821): CodeIgniter\Router\RouteCollection->loadRoutes()
 7 SYSTEMPATH\CodeIgniter.php(455): CodeIgniter\CodeIgniter->tryToRouteIt(null)
 8 SYSTEMPATH\CodeIgniter.php(354): CodeIgniter\CodeIgniter->handleRequest(null, Object(Config\Cache), false)
 9 SYSTEMPATH\Boot.php(363): CodeIgniter\CodeIgniter->run()
10 SYSTEMPATH\Boot.php(68): CodeIgniter\Boot::runCodeIgniter(Object(CodeIgniter\CodeIgniter))
11 FCPATH\index.php(59): CodeIgniter\Boot::bootWeb(Object(Config\Paths))
DEBUG - 2026-04-23 20:18:01 --> Session: Class initialized using 'CodeIgniter\Session\Handlers\FileHandler' driver.
WARNING - 2026-04-23 20:18:03 --> [DEPRECATED] Passing lowercase HTTP method "get" is deprecated. Use uppercase HTTP method like "GET". in SYSTEMPATH\Router\RouteCollection.php on line 1026.
 1 SYSTEMPATH\Router\RouteCollection.php(1026): trigger_error('Passing lowercase HTTP method "get" is deprecated. Use uppercase HTTP method like "GET".', 16384)
 2 APPPATH\Config\Routes.php(78): CodeIgniter\Router\RouteCollection->match([...], 'konfirmasi/(:num)/(:any)', 'Peminjaman::konfirmasi/$1/$2')
 3 SYSTEMPATH\Router\RouteCollection.php(799): CodeIgniter\Router\RouteCollection->{closure}(Object(CodeIgniter\Router\RouteCollection))
 4 APPPATH\Config\Routes.php(61): CodeIgniter\Router\RouteCollection->group('peminjaman', [...], Object(Closure))
 5 SYSTEMPATH\Router\RouteCollection.php(339): require('C:\\xampp\\htdocs\\bukustan\\app\\Config\\Routes.php')
 6 SYSTEMPATH\CodeIgniter.php(821): CodeIgniter\Router\RouteCollection->loadRoutes()
 7 SYSTEMPATH\CodeIgniter.php(455): CodeIgniter\CodeIgniter->tryToRouteIt(null)
 8 SYSTEMPATH\CodeIgniter.php(354): CodeIgniter\CodeIgniter->handleRequest(null, Object(Config\Cache), false)
 9 SYSTEMPATH\Boot.php(363): CodeIgniter\CodeIgniter->run()
10 SYSTEMPATH\Boot.php(68): CodeIgniter\Boot::runCodeIgniter(Object(CodeIgniter\CodeIgniter))
11 FCPATH\index.php(59): CodeIgniter\Boot::bootWeb(Object(Config\Paths))
WARNING - 2026-04-23 20:18:03 --> [DEPRECATED] Passing lowercase HTTP method "post" is deprecated. Use uppercase HTTP method like "POST". in SYSTEMPATH\Router\RouteCollection.php on line 1026.
 1 SYSTEMPATH\Router\RouteCollection.php(1026): trigger_error('Passing lowercase HTTP method "post" is deprecated. Use uppercase HTTP method like "POST".', 16384)
 2 APPPATH\Config\Routes.php(78): CodeIgniter\Router\RouteCollection->match([...], 'konfirmasi/(:num)/(:any)', 'Peminjaman::konfirmasi/$1/$2')
 3 SYSTEMPATH\Router\RouteCollection.php(799): CodeIgniter\Router\RouteCollection->{closure}(Object(CodeIgniter\Router\RouteCollection))
 4 APPPATH\Config\Routes.php(61): CodeIgniter\Router\RouteCollection->group('peminjaman', [...], Object(Closure))
 5 SYSTEMPATH\Router\RouteCollection.php(339): require('C:\\xampp\\htdocs\\bukustan\\app\\Config\\Routes.php')
 6 SYSTEMPATH\CodeIgniter.php(821): CodeIgniter\Router\RouteCollection->loadRoutes()
 7 SYSTEMPATH\CodeIgniter.php(455): CodeIgniter\CodeIgniter->tryToRouteIt(null)
 8 SYSTEMPATH\CodeIgniter.php(354): CodeIgniter\CodeIgniter->handleRequest(null, Object(Config\Cache), false)
 9 SYSTEMPATH\Boot.php(363): CodeIgniter\CodeIgniter->run()
10 SYSTEMPATH\Boot.php(68): CodeIgniter\Boot::runCodeIgniter(Object(CodeIgniter\CodeIgniter))
11 FCPATH\index.php(59): CodeIgniter\Boot::bootWeb(Object(Config\Paths))
DEBUG - 2026-04-23 20:18:03 --> Session: Class initialized using 'CodeIgniter\Session\Handlers\FileHandler' driver.
WARNING - 2026-04-23 20:18:06 --> [DEPRECATED] Passing lowercase HTTP method "get" is deprecated. Use uppercase HTTP method like "GET". in SYSTEMPATH\Router\RouteCollection.php on line 1026.
 1 SYSTEMPATH\Router\RouteCollection.php(1026): trigger_error('Passing lowercase HTTP method "get" is deprecated. Use uppercase HTTP method like "GET".', 16384)
 2 APPPATH\Config\Routes.php(78): CodeIgniter\Router\RouteCollection->match([...], 'konfirmasi/(:num)/(:any)', 'Peminjaman::konfirmasi/$1/$2')
 3 SYSTEMPATH\Router\RouteCollection.php(799): CodeIgniter\Router\RouteCollection->{closure}(Object(CodeIgniter\Router\RouteCollection))
 4 APPPATH\Config\Routes.php(61): CodeIgniter\Router\RouteCollection->group('peminjaman', [...], Object(Closure))
 5 SYSTEMPATH\Router\RouteCollection.php(339): require('C:\\xampp\\htdocs\\bukustan\\app\\Config\\Routes.php')
 6 SYSTEMPATH\CodeIgniter.php(821): CodeIgniter\Router\RouteCollection->loadRoutes()
 7 SYSTEMPATH\CodeIgniter.php(455): CodeIgniter\CodeIgniter->tryToRouteIt(null)
 8 SYSTEMPATH\CodeIgniter.php(354): CodeIgniter\CodeIgniter->handleRequest(null, Object(Config\Cache), false)
 9 SYSTEMPATH\Boot.php(363): CodeIgniter\CodeIgniter->run()
10 SYSTEMPATH\Boot.php(68): CodeIgniter\Boot::runCodeIgniter(Object(CodeIgniter\CodeIgniter))
11 FCPATH\index.php(59): CodeIgniter\Boot::bootWeb(Object(Config\Paths))
WARNING - 2026-04-23 20:18:06 --> [DEPRECATED] Passing lowercase HTTP method "post" is deprecated. Use uppercase HTTP method like "POST". in SYSTEMPATH\Router\RouteCollection.php on line 1026.
 1 SYSTEMPATH\Router\RouteCollection.php(1026): trigger_error('Passing lowercase HTTP method "post" is deprecated. Use uppercase HTTP method like "POST".', 16384)
 2 APPPATH\Config\Routes.php(78): CodeIgniter\Router\RouteCollection->match([...], 'konfirmasi/(:num)/(:any)', 'Peminjaman::konfirmasi/$1/$2')
 3 SYSTEMPATH\Router\RouteCollection.php(799): CodeIgniter\Router\RouteCollection->{closure}(Object(CodeIgniter\Router\RouteCollection))
 4 APPPATH\Config\Routes.php(61): CodeIgniter\Router\RouteCollection->group('peminjaman', [...], Object(Closure))
 5 SYSTEMPATH\Router\RouteCollection.php(339): require('C:\\xampp\\htdocs\\bukustan\\app\\Config\\Routes.php')
 6 SYSTEMPATH\CodeIgniter.php(821): CodeIgniter\Router\RouteCollection->loadRoutes()
 7 SYSTEMPATH\CodeIgniter.php(455): CodeIgniter\CodeIgniter->tryToRouteIt(null)
 8 SYSTEMPATH\CodeIgniter.php(354): CodeIgniter\CodeIgniter->handleRequest(null, Object(Config\Cache), false)
 9 SYSTEMPATH\Boot.php(363): CodeIgniter\CodeIgniter->run()
10 SYSTEMPATH\Boot.php(68): CodeIgniter\Boot::runCodeIgniter(Object(CodeIgniter\CodeIgniter))
11 FCPATH\index.php(59): CodeIgniter\Boot::bootWeb(Object(Config\Paths))
DEBUG - 2026-04-23 20:18:06 --> Session: Class initialized using 'CodeIgniter\Session\Handlers\FileHandler' driver.
WARNING - 2026-04-23 20:18:07 --> [DEPRECATED] Passing lowercase HTTP method "get" is deprecated. Use uppercase HTTP method like "GET". in SYSTEMPATH\Router\RouteCollection.php on line 1026.
 1 SYSTEMPATH\Router\RouteCollection.php(1026): trigger_error('Passing lowercase HTTP method "get" is deprecated. Use uppercase HTTP method like "GET".', 16384)
 2 APPPATH\Config\Routes.php(78): CodeIgniter\Router\RouteCollection->match([...], 'konfirmasi/(:num)/(:any)', 'Peminjaman::konfirmasi/$1/$2')
 3 SYSTEMPATH\Router\RouteCollection.php(799): CodeIgniter\Router\RouteCollection->{closure}(Object(CodeIgniter\Router\RouteCollection))
 4 APPPATH\Config\Routes.php(61): CodeIgniter\Router\RouteCollection->group('peminjaman', [...], Object(Closure))
 5 SYSTEMPATH\Router\RouteCollection.php(339): require('C:\\xampp\\htdocs\\bukustan\\app\\Config\\Routes.php')
 6 SYSTEMPATH\CodeIgniter.php(821): CodeIgniter\Router\RouteCollection->loadRoutes()
 7 SYSTEMPATH\CodeIgniter.php(455): CodeIgniter\CodeIgniter->tryToRouteIt(null)
 8 SYSTEMPATH\CodeIgniter.php(354): CodeIgniter\CodeIgniter->handleRequest(null, Object(Config\Cache), false)
 9 SYSTEMPATH\Boot.php(363): CodeIgniter\CodeIgniter->run()
10 SYSTEMPATH\Boot.php(68): CodeIgniter\Boot::runCodeIgniter(Object(CodeIgniter\CodeIgniter))
11 FCPATH\index.php(59): CodeIgniter\Boot::bootWeb(Object(Config\Paths))
WARNING - 2026-04-23 20:18:07 --> [DEPRECATED] Passing lowercase HTTP method "post" is deprecated. Use uppercase HTTP method like "POST". in SYSTEMPATH\Router\RouteCollection.php on line 1026.
 1 SYSTEMPATH\Router\RouteCollection.php(1026): trigger_error('Passing lowercase HTTP method "post" is deprecated. Use uppercase HTTP method like "POST".', 16384)
 2 APPPATH\Config\Routes.php(78): CodeIgniter\Router\RouteCollection->match([...], 'konfirmasi/(:num)/(:any)', 'Peminjaman::konfirmasi/$1/$2')
 3 SYSTEMPATH\Router\RouteCollection.php(799): CodeIgniter\Router\RouteCollection->{closure}(Object(CodeIgniter\Router\RouteCollection))
 4 APPPATH\Config\Routes.php(61): CodeIgniter\Router\RouteCollection->group('peminjaman', [...], Object(Closure))
 5 SYSTEMPATH\Router\RouteCollection.php(339): require('C:\\xampp\\htdocs\\bukustan\\app\\Config\\Routes.php')
 6 SYSTEMPATH\CodeIgniter.php(821): CodeIgniter\Router\RouteCollection->loadRoutes()
 7 SYSTEMPATH\CodeIgniter.php(455): CodeIgniter\CodeIgniter->tryToRouteIt(null)
 8 SYSTEMPATH\CodeIgniter.php(354): CodeIgniter\CodeIgniter->handleRequest(null, Object(Config\Cache), false)
 9 SYSTEMPATH\Boot.php(363): CodeIgniter\CodeIgniter->run()
10 SYSTEMPATH\Boot.php(68): CodeIgniter\Boot::runCodeIgniter(Object(CodeIgniter\CodeIgniter))
11 FCPATH\index.php(59): CodeIgniter\Boot::bootWeb(Object(Config\Paths))
DEBUG - 2026-04-23 20:18:07 --> Session: Class initialized using 'CodeIgniter\Session\Handlers\FileHandler' driver.
WARNING - 2026-04-23 20:18:09 --> [DEPRECATED] Passing lowercase HTTP method "get" is deprecated. Use uppercase HTTP method like "GET". in SYSTEMPATH\Router\RouteCollection.php on line 1026.
 1 SYSTEMPATH\Router\RouteCollection.php(1026): trigger_error('Passing lowercase HTTP method "get" is deprecated. Use uppercase HTTP method like "GET".', 16384)
 2 APPPATH\Config\Routes.php(78): CodeIgniter\Router\RouteCollection->match([...], 'konfirmasi/(:num)/(:any)', 'Peminjaman::konfirmasi/$1/$2')
 3 SYSTEMPATH\Router\RouteCollection.php(799): CodeIgniter\Router\RouteCollection->{closure}(Object(CodeIgniter\Router\RouteCollection))
 4 APPPATH\Config\Routes.php(61): CodeIgniter\Router\RouteCollection->group('peminjaman', [...], Object(Closure))
 5 SYSTEMPATH\Router\RouteCollection.php(339): require('C:\\xampp\\htdocs\\bukustan\\app\\Config\\Routes.php')
 6 SYSTEMPATH\CodeIgniter.php(821): CodeIgniter\Router\RouteCollection->loadRoutes()
 7 SYSTEMPATH\CodeIgniter.php(455): CodeIgniter\CodeIgniter->tryToRouteIt(null)
 8 SYSTEMPATH\CodeIgniter.php(354): CodeIgniter\CodeIgniter->handleRequest(null, Object(Config\Cache), false)
 9 SYSTEMPATH\Boot.php(363): CodeIgniter\CodeIgniter->run()
10 SYSTEMPATH\Boot.php(68): CodeIgniter\Boot::runCodeIgniter(Object(CodeIgniter\CodeIgniter))
11 FCPATH\index.php(59): CodeIgniter\Boot::bootWeb(Object(Config\Paths))
WARNING - 2026-04-23 20:18:09 --> [DEPRECATED] Passing lowercase HTTP method "post" is deprecated. Use uppercase HTTP method like "POST". in SYSTEMPATH\Router\RouteCollection.php on line 1026.
 1 SYSTEMPATH\Router\RouteCollection.php(1026): trigger_error('Passing lowercase HTTP method "post" is deprecated. Use uppercase HTTP method like "POST".', 16384)
 2 APPPATH\Config\Routes.php(78): CodeIgniter\Router\RouteCollection->match([...], 'konfirmasi/(:num)/(:any)', 'Peminjaman::konfirmasi/$1/$2')
 3 SYSTEMPATH\Router\RouteCollection.php(799): CodeIgniter\Router\RouteCollection->{closure}(Object(CodeIgniter\Router\RouteCollection))
 4 APPPATH\Config\Routes.php(61): CodeIgniter\Router\RouteCollection->group('peminjaman', [...], Object(Closure))
 5 SYSTEMPATH\Router\RouteCollection.php(339): require('C:\\xampp\\htdocs\\bukustan\\app\\Config\\Routes.php')
 6 SYSTEMPATH\CodeIgniter.php(821): CodeIgniter\Router\RouteCollection->loadRoutes()
 7 SYSTEMPATH\CodeIgniter.php(455): CodeIgniter\CodeIgniter->tryToRouteIt(null)
 8 SYSTEMPATH\CodeIgniter.php(354): CodeIgniter\CodeIgniter->handleRequest(null, Object(Config\Cache), false)
 9 SYSTEMPATH\Boot.php(363): CodeIgniter\CodeIgniter->run()
10 SYSTEMPATH\Boot.php(68): CodeIgniter\Boot::runCodeIgniter(Object(CodeIgniter\CodeIgniter))
11 FCPATH\index.php(59): CodeIgniter\Boot::bootWeb(Object(Config\Paths))
DEBUG - 2026-04-23 20:18:09 --> Session: Class initialized using 'CodeIgniter\Session\Handlers\FileHandler' driver.
WARNING - 2026-04-23 20:18:16 --> [DEPRECATED] Passing lowercase HTTP method "get" is deprecated. Use uppercase HTTP method like "GET". in SYSTEMPATH\Router\RouteCollection.php on line 1026.
 1 SYSTEMPATH\Router\RouteCollection.php(1026): trigger_error('Passing lowercase HTTP method "get" is deprecated. Use uppercase HTTP method like "GET".', 16384)
 2 APPPATH\Config\Routes.php(78): CodeIgniter\Router\RouteCollection->match([...], 'konfirmasi/(:num)/(:any)', 'Peminjaman::konfirmasi/$1/$2')
 3 SYSTEMPATH\Router\RouteCollection.php(799): CodeIgniter\Router\RouteCollection->{closure}(Object(CodeIgniter\Router\RouteCollection))
 4 APPPATH\Config\Routes.php(61): CodeIgniter\Router\RouteCollection->group('peminjaman', [...], Object(Closure))
 5 SYSTEMPATH\Router\RouteCollection.php(339): require('C:\\xampp\\htdocs\\bukustan\\app\\Config\\Routes.php')
 6 SYSTEMPATH\CodeIgniter.php(821): CodeIgniter\Router\RouteCollection->loadRoutes()
 7 SYSTEMPATH\CodeIgniter.php(455): CodeIgniter\CodeIgniter->tryToRouteIt(null)
 8 SYSTEMPATH\CodeIgniter.php(354): CodeIgniter\CodeIgniter->handleRequest(null, Object(Config\Cache), false)
 9 SYSTEMPATH\Boot.php(363): CodeIgniter\CodeIgniter->run()
10 SYSTEMPATH\Boot.php(68): CodeIgniter\Boot::runCodeIgniter(Object(CodeIgniter\CodeIgniter))
11 FCPATH\index.php(59): CodeIgniter\Boot::bootWeb(Object(Config\Paths))
WARNING - 2026-04-23 20:18:16 --> [DEPRECATED] Passing lowercase HTTP method "post" is deprecated. Use uppercase HTTP method like "POST". in SYSTEMPATH\Router\RouteCollection.php on line 1026.
 1 SYSTEMPATH\Router\RouteCollection.php(1026): trigger_error('Passing lowercase HTTP method "post" is deprecated. Use uppercase HTTP method like "POST".', 16384)
 2 APPPATH\Config\Routes.php(78): CodeIgniter\Router\RouteCollection->match([...], 'konfirmasi/(:num)/(:any)', 'Peminjaman::konfirmasi/$1/$2')
 3 SYSTEMPATH\Router\RouteCollection.php(799): CodeIgniter\Router\RouteCollection->{closure}(Object(CodeIgniter\Router\RouteCollection))
 4 APPPATH\Config\Routes.php(61): CodeIgniter\Router\RouteCollection->group('peminjaman', [...], Object(Closure))
 5 SYSTEMPATH\Router\RouteCollection.php(339): require('C:\\xampp\\htdocs\\bukustan\\app\\Config\\Routes.php')
 6 SYSTEMPATH\CodeIgniter.php(821): CodeIgniter\Router\RouteCollection->loadRoutes()
 7 SYSTEMPATH\CodeIgniter.php(455): CodeIgniter\CodeIgniter->tryToRouteIt(null)
 8 SYSTEMPATH\CodeIgniter.php(354): CodeIgniter\CodeIgniter->handleRequest(null, Object(Config\Cache), false)
 9 SYSTEMPATH\Boot.php(363): CodeIgniter\CodeIgniter->run()
10 SYSTEMPATH\Boot.php(68): CodeIgniter\Boot::runCodeIgniter(Object(CodeIgniter\CodeIgniter))
11 FCPATH\index.php(59): CodeIgniter\Boot::bootWeb(Object(Config\Paths))
DEBUG - 2026-04-23 20:18:16 --> Session: Class initialized using 'CodeIgniter\Session\Handlers\FileHandler' driver.
WARNING - 2026-04-23 20:18:16 --> [DEPRECATED] Passing lowercase HTTP method "get" is deprecated. Use uppercase HTTP method like "GET". in SYSTEMPATH\Router\RouteCollection.php on line 1026.
 1 SYSTEMPATH\Router\RouteCollection.php(1026): trigger_error('Passing lowercase HTTP method "get" is deprecated. Use uppercase HTTP method like "GET".', 16384)
 2 APPPATH\Config\Routes.php(78): CodeIgniter\Router\RouteCollection->match([...], 'konfirmasi/(:num)/(:any)', 'Peminjaman::konfirmasi/$1/$2')
 3 SYSTEMPATH\Router\RouteCollection.php(799): CodeIgniter\Router\RouteCollection->{closure}(Object(CodeIgniter\Router\RouteCollection))
 4 APPPATH\Config\Routes.php(61): CodeIgniter\Router\RouteCollection->group('peminjaman', [...], Object(Closure))
 5 SYSTEMPATH\Router\RouteCollection.php(339): require('C:\\xampp\\htdocs\\bukustan\\app\\Config\\Routes.php')
 6 SYSTEMPATH\CodeIgniter.php(821): CodeIgniter\Router\RouteCollection->loadRoutes()
 7 SYSTEMPATH\CodeIgniter.php(455): CodeIgniter\CodeIgniter->tryToRouteIt(null)
 8 SYSTEMPATH\CodeIgniter.php(354): CodeIgniter\CodeIgniter->handleRequest(null, Object(Config\Cache), false)
 9 SYSTEMPATH\Boot.php(363): CodeIgniter\CodeIgniter->run()
10 SYSTEMPATH\Boot.php(68): CodeIgniter\Boot::runCodeIgniter(Object(CodeIgniter\CodeIgniter))
11 FCPATH\index.php(59): CodeIgniter\Boot::bootWeb(Object(Config\Paths))
WARNING - 2026-04-23 20:18:16 --> [DEPRECATED] Passing lowercase HTTP method "post" is deprecated. Use uppercase HTTP method like "POST". in SYSTEMPATH\Router\RouteCollection.php on line 1026.
 1 SYSTEMPATH\Router\RouteCollection.php(1026): trigger_error('Passing lowercase HTTP method "post" is deprecated. Use uppercase HTTP method like "POST".', 16384)
 2 APPPATH\Config\Routes.php(78): CodeIgniter\Router\RouteCollection->match([...], 'konfirmasi/(:num)/(:any)', 'Peminjaman::konfirmasi/$1/$2')
 3 SYSTEMPATH\Router\RouteCollection.php(799): CodeIgniter\Router\RouteCollection->{closure}(Object(CodeIgniter\Router\RouteCollection))
 4 APPPATH\Config\Routes.php(61): CodeIgniter\Router\RouteCollection->group('peminjaman', [...], Object(Closure))
 5 SYSTEMPATH\Router\RouteCollection.php(339): require('C:\\xampp\\htdocs\\bukustan\\app\\Config\\Routes.php')
 6 SYSTEMPATH\CodeIgniter.php(821): CodeIgniter\Router\RouteCollection->loadRoutes()
 7 SYSTEMPATH\CodeIgniter.php(455): CodeIgniter\CodeIgniter->tryToRouteIt(null)
 8 SYSTEMPATH\CodeIgniter.php(354): CodeIgniter\CodeIgniter->handleRequest(null, Object(Config\Cache), false)
 9 SYSTEMPATH\Boot.php(363): CodeIgniter\CodeIgniter->run()
10 SYSTEMPATH\Boot.php(68): CodeIgniter\Boot::runCodeIgniter(Object(CodeIgniter\CodeIgniter))
11 FCPATH\index.php(59): CodeIgniter\Boot::bootWeb(Object(Config\Paths))
DEBUG - 2026-04-23 20:18:16 --> Session: Class initialized using 'CodeIgniter\Session\Handlers\FileHandler' driver.
WARNING - 2026-04-23 20:18:33 --> [DEPRECATED] Passing lowercase HTTP method "get" is deprecated. Use uppercase HTTP method like "GET". in SYSTEMPATH\Router\RouteCollection.php on line 1026.
 1 SYSTEMPATH\Router\RouteCollection.php(1026): trigger_error('Passing lowercase HTTP method "get" is deprecated. Use uppercase HTTP method like "GET".', 16384)
 2 APPPATH\Config\Routes.php(78): CodeIgniter\Router\RouteCollection->match([...], 'konfirmasi/(:num)/(:any)', 'Peminjaman::konfirmasi/$1/$2')
 3 SYSTEMPATH\Router\RouteCollection.php(799): CodeIgniter\Router\RouteCollection->{closure}(Object(CodeIgniter\Router\RouteCollection))
 4 APPPATH\Config\Routes.php(61): CodeIgniter\Router\RouteCollection->group('peminjaman', [...], Object(Closure))
 5 SYSTEMPATH\Router\RouteCollection.php(339): require('C:\\xampp\\htdocs\\bukustan\\app\\Config\\Routes.php')
 6 SYSTEMPATH\CodeIgniter.php(821): CodeIgniter\Router\RouteCollection->loadRoutes()
 7 SYSTEMPATH\CodeIgniter.php(455): CodeIgniter\CodeIgniter->tryToRouteIt(null)
 8 SYSTEMPATH\CodeIgniter.php(354): CodeIgniter\CodeIgniter->handleRequest(null, Object(Config\Cache), false)
 9 SYSTEMPATH\Boot.php(363): CodeIgniter\CodeIgniter->run()
10 SYSTEMPATH\Boot.php(68): CodeIgniter\Boot::runCodeIgniter(Object(CodeIgniter\CodeIgniter))
11 FCPATH\index.php(59): CodeIgniter\Boot::bootWeb(Object(Config\Paths))
WARNING - 2026-04-23 20:18:33 --> [DEPRECATED] Passing lowercase HTTP method "post" is deprecated. Use uppercase HTTP method like "POST". in SYSTEMPATH\Router\RouteCollection.php on line 1026.
 1 SYSTEMPATH\Router\RouteCollection.php(1026): trigger_error('Passing lowercase HTTP method "post" is deprecated. Use uppercase HTTP method like "POST".', 16384)
 2 APPPATH\Config\Routes.php(78): CodeIgniter\Router\RouteCollection->match([...], 'konfirmasi/(:num)/(:any)', 'Peminjaman::konfirmasi/$1/$2')
 3 SYSTEMPATH\Router\RouteCollection.php(799): CodeIgniter\Router\RouteCollection->{closure}(Object(CodeIgniter\Router\RouteCollection))
 4 APPPATH\Config\Routes.php(61): CodeIgniter\Router\RouteCollection->group('peminjaman', [...], Object(Closure))
 5 SYSTEMPATH\Router\RouteCollection.php(339): require('C:\\xampp\\htdocs\\bukustan\\app\\Config\\Routes.php')
 6 SYSTEMPATH\CodeIgniter.php(821): CodeIgniter\Router\RouteCollection->loadRoutes()
 7 SYSTEMPATH\CodeIgniter.php(455): CodeIgniter\CodeIgniter->tryToRouteIt(null)
 8 SYSTEMPATH\CodeIgniter.php(354): CodeIgniter\CodeIgniter->handleRequest(null, Object(Config\Cache), false)
 9 SYSTEMPATH\Boot.php(363): CodeIgniter\CodeIgniter->run()
10 SYSTEMPATH\Boot.php(68): CodeIgniter\Boot::runCodeIgniter(Object(CodeIgniter\CodeIgniter))
11 FCPATH\index.php(59): CodeIgniter\Boot::bootWeb(Object(Config\Paths))
DEBUG - 2026-04-23 20:18:33 --> Session: Class initialized using 'CodeIgniter\Session\Handlers\FileHandler' driver.
WARNING - 2026-04-23 20:18:33 --> [DEPRECATED] Passing lowercase HTTP method "get" is deprecated. Use uppercase HTTP method like "GET". in SYSTEMPATH\Router\RouteCollection.php on line 1026.
 1 SYSTEMPATH\Router\RouteCollection.php(1026): trigger_error('Passing lowercase HTTP method "get" is deprecated. Use uppercase HTTP method like "GET".', 16384)
 2 APPPATH\Config\Routes.php(78): CodeIgniter\Router\RouteCollection->match([...], 'konfirmasi/(:num)/(:any)', 'Peminjaman::konfirmasi/$1/$2')
 3 SYSTEMPATH\Router\RouteCollection.php(799): CodeIgniter\Router\RouteCollection->{closure}(Object(CodeIgniter\Router\RouteCollection))
 4 APPPATH\Config\Routes.php(61): CodeIgniter\Router\RouteCollection->group('peminjaman', [...], Object(Closure))
 5 SYSTEMPATH\Router\RouteCollection.php(339): require('C:\\xampp\\htdocs\\bukustan\\app\\Config\\Routes.php')
 6 SYSTEMPATH\CodeIgniter.php(821): CodeIgniter\Router\RouteCollection->loadRoutes()
 7 SYSTEMPATH\CodeIgniter.php(455): CodeIgniter\CodeIgniter->tryToRouteIt(null)
 8 SYSTEMPATH\CodeIgniter.php(354): CodeIgniter\CodeIgniter->handleRequest(null, Object(Config\Cache), false)
 9 SYSTEMPATH\Boot.php(363): CodeIgniter\CodeIgniter->run()
10 SYSTEMPATH\Boot.php(68): CodeIgniter\Boot::runCodeIgniter(Object(CodeIgniter\CodeIgniter))
11 FCPATH\index.php(59): CodeIgniter\Boot::bootWeb(Object(Config\Paths))
WARNING - 2026-04-23 20:18:33 --> [DEPRECATED] Passing lowercase HTTP method "post" is deprecated. Use uppercase HTTP method like "POST". in SYSTEMPATH\Router\RouteCollection.php on line 1026.
 1 SYSTEMPATH\Router\RouteCollection.php(1026): trigger_error('Passing lowercase HTTP method "post" is deprecated. Use uppercase HTTP method like "POST".', 16384)
 2 APPPATH\Config\Routes.php(78): CodeIgniter\Router\RouteCollection->match([...], 'konfirmasi/(:num)/(:any)', 'Peminjaman::konfirmasi/$1/$2')
 3 SYSTEMPATH\Router\RouteCollection.php(799): CodeIgniter\Router\RouteCollection->{closure}(Object(CodeIgniter\Router\RouteCollection))
 4 APPPATH\Config\Routes.php(61): CodeIgniter\Router\RouteCollection->group('peminjaman', [...], Object(Closure))
 5 SYSTEMPATH\Router\RouteCollection.php(339): require('C:\\xampp\\htdocs\\bukustan\\app\\Config\\Routes.php')
 6 SYSTEMPATH\CodeIgniter.php(821): CodeIgniter\Router\RouteCollection->loadRoutes()
 7 SYSTEMPATH\CodeIgniter.php(455): CodeIgniter\CodeIgniter->tryToRouteIt(null)
 8 SYSTEMPATH\CodeIgniter.php(354): CodeIgniter\CodeIgniter->handleRequest(null, Object(Config\Cache), false)
 9 SYSTEMPATH\Boot.php(363): CodeIgniter\CodeIgniter->run()
10 SYSTEMPATH\Boot.php(68): CodeIgniter\Boot::runCodeIgniter(Object(CodeIgniter\CodeIgniter))
11 FCPATH\index.php(59): CodeIgniter\Boot::bootWeb(Object(Config\Paths))
DEBUG - 2026-04-23 20:18:33 --> Session: Class initialized using 'CodeIgniter\Session\Handlers\FileHandler' driver.
WARNING - 2026-04-23 20:18:38 --> [DEPRECATED] Passing lowercase HTTP method "get" is deprecated. Use uppercase HTTP method like "GET". in SYSTEMPATH\Router\RouteCollection.php on line 1026.
 1 SYSTEMPATH\Router\RouteCollection.php(1026): trigger_error('Passing lowercase HTTP method "get" is deprecated. Use uppercase HTTP method like "GET".', 16384)
 2 APPPATH\Config\Routes.php(78): CodeIgniter\Router\RouteCollection->match([...], 'konfirmasi/(:num)/(:any)', 'Peminjaman::konfirmasi/$1/$2')
 3 SYSTEMPATH\Router\RouteCollection.php(799): CodeIgniter\Router\RouteCollection->{closure}(Object(CodeIgniter\Router\RouteCollection))
 4 APPPATH\Config\Routes.php(61): CodeIgniter\Router\RouteCollection->group('peminjaman', [...], Object(Closure))
 5 SYSTEMPATH\Router\RouteCollection.php(339): require('C:\\xampp\\htdocs\\bukustan\\app\\Config\\Routes.php')
 6 SYSTEMPATH\CodeIgniter.php(821): CodeIgniter\Router\RouteCollection->loadRoutes()
 7 SYSTEMPATH\CodeIgniter.php(455): CodeIgniter\CodeIgniter->tryToRouteIt(null)
 8 SYSTEMPATH\CodeIgniter.php(354): CodeIgniter\CodeIgniter->handleRequest(null, Object(Config\Cache), false)
 9 SYSTEMPATH\Boot.php(363): CodeIgniter\CodeIgniter->run()
10 SYSTEMPATH\Boot.php(68): CodeIgniter\Boot::runCodeIgniter(Object(CodeIgniter\CodeIgniter))
11 FCPATH\index.php(59): CodeIgniter\Boot::bootWeb(Object(Config\Paths))
WARNING - 2026-04-23 20:18:38 --> [DEPRECATED] Passing lowercase HTTP method "post" is deprecated. Use uppercase HTTP method like "POST". in SYSTEMPATH\Router\RouteCollection.php on line 1026.
 1 SYSTEMPATH\Router\RouteCollection.php(1026): trigger_error('Passing lowercase HTTP method "post" is deprecated. Use uppercase HTTP method like "POST".', 16384)
 2 APPPATH\Config\Routes.php(78): CodeIgniter\Router\RouteCollection->match([...], 'konfirmasi/(:num)/(:any)', 'Peminjaman::konfirmasi/$1/$2')
 3 SYSTEMPATH\Router\RouteCollection.php(799): CodeIgniter\Router\RouteCollection->{closure}(Object(CodeIgniter\Router\RouteCollection))
 4 APPPATH\Config\Routes.php(61): CodeIgniter\Router\RouteCollection->group('peminjaman', [...], Object(Closure))
 5 SYSTEMPATH\Router\RouteCollection.php(339): require('C:\\xampp\\htdocs\\bukustan\\app\\Config\\Routes.php')
 6 SYSTEMPATH\CodeIgniter.php(821): CodeIgniter\Router\RouteCollection->loadRoutes()
 7 SYSTEMPATH\CodeIgniter.php(455): CodeIgniter\CodeIgniter->tryToRouteIt(null)
 8 SYSTEMPATH\CodeIgniter.php(354): CodeIgniter\CodeIgniter->handleRequest(null, Object(Config\Cache), false)
 9 SYSTEMPATH\Boot.php(363): CodeIgniter\CodeIgniter->run()
10 SYSTEMPATH\Boot.php(68): CodeIgniter\Boot::runCodeIgniter(Object(CodeIgniter\CodeIgniter))
11 FCPATH\index.php(59): CodeIgniter\Boot::bootWeb(Object(Config\Paths))
DEBUG - 2026-04-23 20:18:38 --> Session: Class initialized using 'CodeIgniter\Session\Handlers\FileHandler' driver.
WARNING - 2026-04-23 20:18:41 --> [DEPRECATED] Passing lowercase HTTP method "get" is deprecated. Use uppercase HTTP method like "GET". in SYSTEMPATH\Router\RouteCollection.php on line 1026.
 1 SYSTEMPATH\Router\RouteCollection.php(1026): trigger_error('Passing lowercase HTTP method "get" is deprecated. Use uppercase HTTP method like "GET".', 16384)
 2 APPPATH\Config\Routes.php(78): CodeIgniter\Router\RouteCollection->match([...], 'konfirmasi/(:num)/(:any)', 'Peminjaman::konfirmasi/$1/$2')
 3 SYSTEMPATH\Router\RouteCollection.php(799): CodeIgniter\Router\RouteCollection->{closure}(Object(CodeIgniter\Router\RouteCollection))
 4 APPPATH\Config\Routes.php(61): CodeIgniter\Router\RouteCollection->group('peminjaman', [...], Object(Closure))
 5 SYSTEMPATH\Router\RouteCollection.php(339): require('C:\\xampp\\htdocs\\bukustan\\app\\Config\\Routes.php')
 6 SYSTEMPATH\CodeIgniter.php(821): CodeIgniter\Router\RouteCollection->loadRoutes()
 7 SYSTEMPATH\CodeIgniter.php(455): CodeIgniter\CodeIgniter->tryToRouteIt(null)
 8 SYSTEMPATH\CodeIgniter.php(354): CodeIgniter\CodeIgniter->handleRequest(null, Object(Config\Cache), false)
 9 SYSTEMPATH\Boot.php(363): CodeIgniter\CodeIgniter->run()
10 SYSTEMPATH\Boot.php(68): CodeIgniter\Boot::runCodeIgniter(Object(CodeIgniter\CodeIgniter))
11 FCPATH\index.php(59): CodeIgniter\Boot::bootWeb(Object(Config\Paths))
WARNING - 2026-04-23 20:18:41 --> [DEPRECATED] Passing lowercase HTTP method "post" is deprecated. Use uppercase HTTP method like "POST". in SYSTEMPATH\Router\RouteCollection.php on line 1026.
 1 SYSTEMPATH\Router\RouteCollection.php(1026): trigger_error('Passing lowercase HTTP method "post" is deprecated. Use uppercase HTTP method like "POST".', 16384)
 2 APPPATH\Config\Routes.php(78): CodeIgniter\Router\RouteCollection->match([...], 'konfirmasi/(:num)/(:any)', 'Peminjaman::konfirmasi/$1/$2')
 3 SYSTEMPATH\Router\RouteCollection.php(799): CodeIgniter\Router\RouteCollection->{closure}(Object(CodeIgniter\Router\RouteCollection))
 4 APPPATH\Config\Routes.php(61): CodeIgniter\Router\RouteCollection->group('peminjaman', [...], Object(Closure))
 5 SYSTEMPATH\Router\RouteCollection.php(339): require('C:\\xampp\\htdocs\\bukustan\\app\\Config\\Routes.php')
 6 SYSTEMPATH\CodeIgniter.php(821): CodeIgniter\Router\RouteCollection->loadRoutes()
 7 SYSTEMPATH\CodeIgniter.php(455): CodeIgniter\CodeIgniter->tryToRouteIt(null)
 8 SYSTEMPATH\CodeIgniter.php(354): CodeIgniter\CodeIgniter->handleRequest(null, Object(Config\Cache), false)
 9 SYSTEMPATH\Boot.php(363): CodeIgniter\CodeIgniter->run()
10 SYSTEMPATH\Boot.php(68): CodeIgniter\Boot::runCodeIgniter(Object(CodeIgniter\CodeIgniter))
11 FCPATH\index.php(59): CodeIgniter\Boot::bootWeb(Object(Config\Paths))
DEBUG - 2026-04-23 20:18:41 --> Session: Class initialized using 'CodeIgniter\Session\Handlers\FileHandler' driver.
WARNING - 2026-04-23 20:18:42 --> [DEPRECATED] Passing lowercase HTTP method "get" is deprecated. Use uppercase HTTP method like "GET". in SYSTEMPATH\Router\RouteCollection.php on line 1026.
 1 SYSTEMPATH\Router\RouteCollection.php(1026): trigger_error('Passing lowercase HTTP method "get" is deprecated. Use uppercase HTTP method like "GET".', 16384)
 2 APPPATH\Config\Routes.php(78): CodeIgniter\Router\RouteCollection->match([...], 'konfirmasi/(:num)/(:any)', 'Peminjaman::konfirmasi/$1/$2')
 3 SYSTEMPATH\Router\RouteCollection.php(799): CodeIgniter\Router\RouteCollection->{closure}(Object(CodeIgniter\Router\RouteCollection))
 4 APPPATH\Config\Routes.php(61): CodeIgniter\Router\RouteCollection->group('peminjaman', [...], Object(Closure))
 5 SYSTEMPATH\Router\RouteCollection.php(339): require('C:\\xampp\\htdocs\\bukustan\\app\\Config\\Routes.php')
 6 SYSTEMPATH\CodeIgniter.php(821): CodeIgniter\Router\RouteCollection->loadRoutes()
 7 SYSTEMPATH\CodeIgniter.php(455): CodeIgniter\CodeIgniter->tryToRouteIt(null)
 8 SYSTEMPATH\CodeIgniter.php(354): CodeIgniter\CodeIgniter->handleRequest(null, Object(Config\Cache), false)
 9 SYSTEMPATH\Boot.php(363): CodeIgniter\CodeIgniter->run()
10 SYSTEMPATH\Boot.php(68): CodeIgniter\Boot::runCodeIgniter(Object(CodeIgniter\CodeIgniter))
11 FCPATH\index.php(59): CodeIgniter\Boot::bootWeb(Object(Config\Paths))
WARNING - 2026-04-23 20:18:42 --> [DEPRECATED] Passing lowercase HTTP method "post" is deprecated. Use uppercase HTTP method like "POST". in SYSTEMPATH\Router\RouteCollection.php on line 1026.
 1 SYSTEMPATH\Router\RouteCollection.php(1026): trigger_error('Passing lowercase HTTP method "post" is deprecated. Use uppercase HTTP method like "POST".', 16384)
 2 APPPATH\Config\Routes.php(78): CodeIgniter\Router\RouteCollection->match([...], 'konfirmasi/(:num)/(:any)', 'Peminjaman::konfirmasi/$1/$2')
 3 SYSTEMPATH\Router\RouteCollection.php(799): CodeIgniter\Router\RouteCollection->{closure}(Object(CodeIgniter\Router\RouteCollection))
 4 APPPATH\Config\Routes.php(61): CodeIgniter\Router\RouteCollection->group('peminjaman', [...], Object(Closure))
 5 SYSTEMPATH\Router\RouteCollection.php(339): require('C:\\xampp\\htdocs\\bukustan\\app\\Config\\Routes.php')
 6 SYSTEMPATH\CodeIgniter.php(821): CodeIgniter\Router\RouteCollection->loadRoutes()
 7 SYSTEMPATH\CodeIgniter.php(455): CodeIgniter\CodeIgniter->tryToRouteIt(null)
 8 SYSTEMPATH\CodeIgniter.php(354): CodeIgniter\CodeIgniter->handleRequest(null, Object(Config\Cache), false)
 9 SYSTEMPATH\Boot.php(363): CodeIgniter\CodeIgniter->run()
10 SYSTEMPATH\Boot.php(68): CodeIgniter\Boot::runCodeIgniter(Object(CodeIgniter\CodeIgniter))
11 FCPATH\index.php(59): CodeIgniter\Boot::bootWeb(Object(Config\Paths))
DEBUG - 2026-04-23 20:18:42 --> Session: Class initialized using 'CodeIgniter\Session\Handlers\FileHandler' driver.
WARNING - 2026-04-23 20:21:55 --> [DEPRECATED] Passing lowercase HTTP method "get" is deprecated. Use uppercase HTTP method like "GET". in SYSTEMPATH\Router\RouteCollection.php on line 1026.
 1 SYSTEMPATH\Router\RouteCollection.php(1026): trigger_error('Passing lowercase HTTP method "get" is deprecated. Use uppercase HTTP method like "GET".', 16384)
 2 APPPATH\Config\Routes.php(78): CodeIgniter\Router\RouteCollection->match([...], 'konfirmasi/(:num)/(:any)', 'Peminjaman::konfirmasi/$1/$2')
 3 SYSTEMPATH\Router\RouteCollection.php(799): CodeIgniter\Router\RouteCollection->{closure}(Object(CodeIgniter\Router\RouteCollection))
 4 APPPATH\Config\Routes.php(61): CodeIgniter\Router\RouteCollection->group('peminjaman', [...], Object(Closure))
 5 SYSTEMPATH\Router\RouteCollection.php(339): require('C:\\xampp\\htdocs\\bukustan\\app\\Config\\Routes.php')
 6 SYSTEMPATH\CodeIgniter.php(821): CodeIgniter\Router\RouteCollection->loadRoutes()
 7 SYSTEMPATH\CodeIgniter.php(455): CodeIgniter\CodeIgniter->tryToRouteIt(null)
 8 SYSTEMPATH\CodeIgniter.php(354): CodeIgniter\CodeIgniter->handleRequest(null, Object(Config\Cache), false)
 9 SYSTEMPATH\Boot.php(363): CodeIgniter\CodeIgniter->run()
10 SYSTEMPATH\Boot.php(68): CodeIgniter\Boot::runCodeIgniter(Object(CodeIgniter\CodeIgniter))
11 FCPATH\index.php(59): CodeIgniter\Boot::bootWeb(Object(Config\Paths))
WARNING - 2026-04-23 20:21:55 --> [DEPRECATED] Passing lowercase HTTP method "post" is deprecated. Use uppercase HTTP method like "POST". in SYSTEMPATH\Router\RouteCollection.php on line 1026.
 1 SYSTEMPATH\Router\RouteCollection.php(1026): trigger_error('Passing lowercase HTTP method "post" is deprecated. Use uppercase HTTP method like "POST".', 16384)
 2 APPPATH\Config\Routes.php(78): CodeIgniter\Router\RouteCollection->match([...], 'konfirmasi/(:num)/(:any)', 'Peminjaman::konfirmasi/$1/$2')
 3 SYSTEMPATH\Router\RouteCollection.php(799): CodeIgniter\Router\RouteCollection->{closure}(Object(CodeIgniter\Router\RouteCollection))
 4 APPPATH\Config\Routes.php(61): CodeIgniter\Router\RouteCollection->group('peminjaman', [...], Object(Closure))
 5 SYSTEMPATH\Router\RouteCollection.php(339): require('C:\\xampp\\htdocs\\bukustan\\app\\Config\\Routes.php')
 6 SYSTEMPATH\CodeIgniter.php(821): CodeIgniter\Router\RouteCollection->loadRoutes()
 7 SYSTEMPATH\CodeIgniter.php(455): CodeIgniter\CodeIgniter->tryToRouteIt(null)
 8 SYSTEMPATH\CodeIgniter.php(354): CodeIgniter\CodeIgniter->handleRequest(null, Object(Config\Cache), false)
 9 SYSTEMPATH\Boot.php(363): CodeIgniter\CodeIgniter->run()
10 SYSTEMPATH\Boot.php(68): CodeIgniter\Boot::runCodeIgniter(Object(CodeIgniter\CodeIgniter))
11 FCPATH\index.php(59): CodeIgniter\Boot::bootWeb(Object(Config\Paths))
DEBUG - 2026-04-23 20:21:55 --> Session: Class initialized using 'CodeIgniter\Session\Handlers\FileHandler' driver.
WARNING - 2026-04-23 20:21:56 --> [DEPRECATED] Passing lowercase HTTP method "get" is deprecated. Use uppercase HTTP method like "GET". in SYSTEMPATH\Router\RouteCollection.php on line 1026.
 1 SYSTEMPATH\Router\RouteCollection.php(1026): trigger_error('Passing lowercase HTTP method "get" is deprecated. Use uppercase HTTP method like "GET".', 16384)
 2 APPPATH\Config\Routes.php(78): CodeIgniter\Router\RouteCollection->match([...], 'konfirmasi/(:num)/(:any)', 'Peminjaman::konfirmasi/$1/$2')
 3 SYSTEMPATH\Router\RouteCollection.php(799): CodeIgniter\Router\RouteCollection->{closure}(Object(CodeIgniter\Router\RouteCollection))
 4 APPPATH\Config\Routes.php(61): CodeIgniter\Router\RouteCollection->group('peminjaman', [...], Object(Closure))
 5 SYSTEMPATH\Router\RouteCollection.php(339): require('C:\\xampp\\htdocs\\bukustan\\app\\Config\\Routes.php')
 6 SYSTEMPATH\CodeIgniter.php(821): CodeIgniter\Router\RouteCollection->loadRoutes()
 7 SYSTEMPATH\CodeIgniter.php(455): CodeIgniter\CodeIgniter->tryToRouteIt(null)
 8 SYSTEMPATH\CodeIgniter.php(354): CodeIgniter\CodeIgniter->handleRequest(null, Object(Config\Cache), false)
 9 SYSTEMPATH\Boot.php(363): CodeIgniter\CodeIgniter->run()
10 SYSTEMPATH\Boot.php(68): CodeIgniter\Boot::runCodeIgniter(Object(CodeIgniter\CodeIgniter))
11 FCPATH\index.php(59): CodeIgniter\Boot::bootWeb(Object(Config\Paths))
WARNING - 2026-04-23 20:21:56 --> [DEPRECATED] Passing lowercase HTTP method "post" is deprecated. Use uppercase HTTP method like "POST". in SYSTEMPATH\Router\RouteCollection.php on line 1026.
 1 SYSTEMPATH\Router\RouteCollection.php(1026): trigger_error('Passing lowercase HTTP method "post" is deprecated. Use uppercase HTTP method like "POST".', 16384)
 2 APPPATH\Config\Routes.php(78): CodeIgniter\Router\RouteCollection->match([...], 'konfirmasi/(:num)/(:any)', 'Peminjaman::konfirmasi/$1/$2')
 3 SYSTEMPATH\Router\RouteCollection.php(799): CodeIgniter\Router\RouteCollection->{closure}(Object(CodeIgniter\Router\RouteCollection))
 4 APPPATH\Config\Routes.php(61): CodeIgniter\Router\RouteCollection->group('peminjaman', [...], Object(Closure))
 5 SYSTEMPATH\Router\RouteCollection.php(339): require('C:\\xampp\\htdocs\\bukustan\\app\\Config\\Routes.php')
 6 SYSTEMPATH\CodeIgniter.php(821): CodeIgniter\Router\RouteCollection->loadRoutes()
 7 SYSTEMPATH\CodeIgniter.php(455): CodeIgniter\CodeIgniter->tryToRouteIt(null)
 8 SYSTEMPATH\CodeIgniter.php(354): CodeIgniter\CodeIgniter->handleRequest(null, Object(Config\Cache), false)
 9 SYSTEMPATH\Boot.php(363): CodeIgniter\CodeIgniter->run()
10 SYSTEMPATH\Boot.php(68): CodeIgniter\Boot::runCodeIgniter(Object(CodeIgniter\CodeIgniter))
11 FCPATH\index.php(59): CodeIgniter\Boot::bootWeb(Object(Config\Paths))
DEBUG - 2026-04-23 20:21:56 --> Session: Class initialized using 'CodeIgniter\Session\Handlers\FileHandler' driver.
WARNING - 2026-04-23 20:23:00 --> [DEPRECATED] Passing lowercase HTTP method "get" is deprecated. Use uppercase HTTP method like "GET". in SYSTEMPATH\Router\RouteCollection.php on line 1026.
 1 SYSTEMPATH\Router\RouteCollection.php(1026): trigger_error('Passing lowercase HTTP method "get" is deprecated. Use uppercase HTTP method like "GET".', 16384)
 2 APPPATH\Config\Routes.php(78): CodeIgniter\Router\RouteCollection->match([...], 'konfirmasi/(:num)/(:any)', 'Peminjaman::konfirmasi/$1/$2')
 3 SYSTEMPATH\Router\RouteCollection.php(799): CodeIgniter\Router\RouteCollection->{closure}(Object(CodeIgniter\Router\RouteCollection))
 4 APPPATH\Config\Routes.php(61): CodeIgniter\Router\RouteCollection->group('peminjaman', [...], Object(Closure))
 5 SYSTEMPATH\Router\RouteCollection.php(339): require('C:\\xampp\\htdocs\\bukustan\\app\\Config\\Routes.php')
 6 SYSTEMPATH\CodeIgniter.php(821): CodeIgniter\Router\RouteCollection->loadRoutes()
 7 SYSTEMPATH\CodeIgniter.php(455): CodeIgniter\CodeIgniter->tryToRouteIt(null)
 8 SYSTEMPATH\CodeIgniter.php(354): CodeIgniter\CodeIgniter->handleRequest(null, Object(Config\Cache), false)
 9 SYSTEMPATH\Boot.php(363): CodeIgniter\CodeIgniter->run()
10 SYSTEMPATH\Boot.php(68): CodeIgniter\Boot::runCodeIgniter(Object(CodeIgniter\CodeIgniter))
11 FCPATH\index.php(59): CodeIgniter\Boot::bootWeb(Object(Config\Paths))
WARNING - 2026-04-23 20:23:00 --> [DEPRECATED] Passing lowercase HTTP method "post" is deprecated. Use uppercase HTTP method like "POST". in SYSTEMPATH\Router\RouteCollection.php on line 1026.
 1 SYSTEMPATH\Router\RouteCollection.php(1026): trigger_error('Passing lowercase HTTP method "post" is deprecated. Use uppercase HTTP method like "POST".', 16384)
 2 APPPATH\Config\Routes.php(78): CodeIgniter\Router\RouteCollection->match([...], 'konfirmasi/(:num)/(:any)', 'Peminjaman::konfirmasi/$1/$2')
 3 SYSTEMPATH\Router\RouteCollection.php(799): CodeIgniter\Router\RouteCollection->{closure}(Object(CodeIgniter\Router\RouteCollection))
 4 APPPATH\Config\Routes.php(61): CodeIgniter\Router\RouteCollection->group('peminjaman', [...], Object(Closure))
 5 SYSTEMPATH\Router\RouteCollection.php(339): require('C:\\xampp\\htdocs\\bukustan\\app\\Config\\Routes.php')
 6 SYSTEMPATH\CodeIgniter.php(821): CodeIgniter\Router\RouteCollection->loadRoutes()
 7 SYSTEMPATH\CodeIgniter.php(455): CodeIgniter\CodeIgniter->tryToRouteIt(null)
 8 SYSTEMPATH\CodeIgniter.php(354): CodeIgniter\CodeIgniter->handleRequest(null, Object(Config\Cache), false)
 9 SYSTEMPATH\Boot.php(363): CodeIgniter\CodeIgniter->run()
10 SYSTEMPATH\Boot.php(68): CodeIgniter\Boot::runCodeIgniter(Object(CodeIgniter\CodeIgniter))
11 FCPATH\index.php(59): CodeIgniter\Boot::bootWeb(Object(Config\Paths))
DEBUG - 2026-04-23 20:23:00 --> Session: Class initialized using 'CodeIgniter\Session\Handlers\FileHandler' driver.
WARNING - 2026-04-23 20:23:01 --> [DEPRECATED] Passing lowercase HTTP method "get" is deprecated. Use uppercase HTTP method like "GET". in SYSTEMPATH\Router\RouteCollection.php on line 1026.
 1 SYSTEMPATH\Router\RouteCollection.php(1026): trigger_error('Passing lowercase HTTP method "get" is deprecated. Use uppercase HTTP method like "GET".', 16384)
 2 APPPATH\Config\Routes.php(78): CodeIgniter\Router\RouteCollection->match([...], 'konfirmasi/(:num)/(:any)', 'Peminjaman::konfirmasi/$1/$2')
 3 SYSTEMPATH\Router\RouteCollection.php(799): CodeIgniter\Router\RouteCollection->{closure}(Object(CodeIgniter\Router\RouteCollection))
 4 APPPATH\Config\Routes.php(61): CodeIgniter\Router\RouteCollection->group('peminjaman', [...], Object(Closure))
 5 SYSTEMPATH\Router\RouteCollection.php(339): require('C:\\xampp\\htdocs\\bukustan\\app\\Config\\Routes.php')
 6 SYSTEMPATH\CodeIgniter.php(821): CodeIgniter\Router\RouteCollection->loadRoutes()
 7 SYSTEMPATH\CodeIgniter.php(455): CodeIgniter\CodeIgniter->tryToRouteIt(null)
 8 SYSTEMPATH\CodeIgniter.php(354): CodeIgniter\CodeIgniter->handleRequest(null, Object(Config\Cache), false)
 9 SYSTEMPATH\Boot.php(363): CodeIgniter\CodeIgniter->run()
10 SYSTEMPATH\Boot.php(68): CodeIgniter\Boot::runCodeIgniter(Object(CodeIgniter\CodeIgniter))
11 FCPATH\index.php(59): CodeIgniter\Boot::bootWeb(Object(Config\Paths))
WARNING - 2026-04-23 20:23:01 --> [DEPRECATED] Passing lowercase HTTP method "post" is deprecated. Use uppercase HTTP method like "POST". in SYSTEMPATH\Router\RouteCollection.php on line 1026.
 1 SYSTEMPATH\Router\RouteCollection.php(1026): trigger_error('Passing lowercase HTTP method "post" is deprecated. Use uppercase HTTP method like "POST".', 16384)
 2 APPPATH\Config\Routes.php(78): CodeIgniter\Router\RouteCollection->match([...], 'konfirmasi/(:num)/(:any)', 'Peminjaman::konfirmasi/$1/$2')
 3 SYSTEMPATH\Router\RouteCollection.php(799): CodeIgniter\Router\RouteCollection->{closure}(Object(CodeIgniter\Router\RouteCollection))
 4 APPPATH\Config\Routes.php(61): CodeIgniter\Router\RouteCollection->group('peminjaman', [...], Object(Closure))
 5 SYSTEMPATH\Router\RouteCollection.php(339): require('C:\\xampp\\htdocs\\bukustan\\app\\Config\\Routes.php')
 6 SYSTEMPATH\CodeIgniter.php(821): CodeIgniter\Router\RouteCollection->loadRoutes()
 7 SYSTEMPATH\CodeIgniter.php(455): CodeIgniter\CodeIgniter->tryToRouteIt(null)
 8 SYSTEMPATH\CodeIgniter.php(354): CodeIgniter\CodeIgniter->handleRequest(null, Object(Config\Cache), false)
 9 SYSTEMPATH\Boot.php(363): CodeIgniter\CodeIgniter->run()
10 SYSTEMPATH\Boot.php(68): CodeIgniter\Boot::runCodeIgniter(Object(CodeIgniter\CodeIgniter))
11 FCPATH\index.php(59): CodeIgniter\Boot::bootWeb(Object(Config\Paths))
DEBUG - 2026-04-23 20:23:01 --> Session: Class initialized using 'CodeIgniter\Session\Handlers\FileHandler' driver.
WARNING - 2026-04-23 20:23:25 --> [DEPRECATED] Passing lowercase HTTP method "get" is deprecated. Use uppercase HTTP method like "GET". in SYSTEMPATH\Router\RouteCollection.php on line 1026.
 1 SYSTEMPATH\Router\RouteCollection.php(1026): trigger_error('Passing lowercase HTTP method "get" is deprecated. Use uppercase HTTP method like "GET".', 16384)
 2 APPPATH\Config\Routes.php(78): CodeIgniter\Router\RouteCollection->match([...], 'konfirmasi/(:num)/(:any)', 'Peminjaman::konfirmasi/$1/$2')
 3 SYSTEMPATH\Router\RouteCollection.php(799): CodeIgniter\Router\RouteCollection->{closure}(Object(CodeIgniter\Router\RouteCollection))
 4 APPPATH\Config\Routes.php(61): CodeIgniter\Router\RouteCollection->group('peminjaman', [...], Object(Closure))
 5 SYSTEMPATH\Router\RouteCollection.php(339): require('C:\\xampp\\htdocs\\bukustan\\app\\Config\\Routes.php')
 6 SYSTEMPATH\CodeIgniter.php(821): CodeIgniter\Router\RouteCollection->loadRoutes()
 7 SYSTEMPATH\CodeIgniter.php(455): CodeIgniter\CodeIgniter->tryToRouteIt(null)
 8 SYSTEMPATH\CodeIgniter.php(354): CodeIgniter\CodeIgniter->handleRequest(null, Object(Config\Cache), false)
 9 SYSTEMPATH\Boot.php(363): CodeIgniter\CodeIgniter->run()
10 SYSTEMPATH\Boot.php(68): CodeIgniter\Boot::runCodeIgniter(Object(CodeIgniter\CodeIgniter))
11 FCPATH\index.php(59): CodeIgniter\Boot::bootWeb(Object(Config\Paths))
WARNING - 2026-04-23 20:23:25 --> [DEPRECATED] Passing lowercase HTTP method "post" is deprecated. Use uppercase HTTP method like "POST". in SYSTEMPATH\Router\RouteCollection.php on line 1026.
 1 SYSTEMPATH\Router\RouteCollection.php(1026): trigger_error('Passing lowercase HTTP method "post" is deprecated. Use uppercase HTTP method like "POST".', 16384)
 2 APPPATH\Config\Routes.php(78): CodeIgniter\Router\RouteCollection->match([...], 'konfirmasi/(:num)/(:any)', 'Peminjaman::konfirmasi/$1/$2')
 3 SYSTEMPATH\Router\RouteCollection.php(799): CodeIgniter\Router\RouteCollection->{closure}(Object(CodeIgniter\Router\RouteCollection))
 4 APPPATH\Config\Routes.php(61): CodeIgniter\Router\RouteCollection->group('peminjaman', [...], Object(Closure))
 5 SYSTEMPATH\Router\RouteCollection.php(339): require('C:\\xampp\\htdocs\\bukustan\\app\\Config\\Routes.php')
 6 SYSTEMPATH\CodeIgniter.php(821): CodeIgniter\Router\RouteCollection->loadRoutes()
 7 SYSTEMPATH\CodeIgniter.php(455): CodeIgniter\CodeIgniter->tryToRouteIt(null)
 8 SYSTEMPATH\CodeIgniter.php(354): CodeIgniter\CodeIgniter->handleRequest(null, Object(Config\Cache), false)
 9 SYSTEMPATH\Boot.php(363): CodeIgniter\CodeIgniter->run()
10 SYSTEMPATH\Boot.php(68): CodeIgniter\Boot::runCodeIgniter(Object(CodeIgniter\CodeIgniter))
11 FCPATH\index.php(59): CodeIgniter\Boot::bootWeb(Object(Config\Paths))
DEBUG - 2026-04-23 20:23:26 --> Session: Class initialized using 'CodeIgniter\Session\Handlers\FileHandler' driver.
WARNING - 2026-04-23 20:24:20 --> [DEPRECATED] Passing lowercase HTTP method "get" is deprecated. Use uppercase HTTP method like "GET". in SYSTEMPATH\Router\RouteCollection.php on line 1026.
 1 SYSTEMPATH\Router\RouteCollection.php(1026): trigger_error('Passing lowercase HTTP method "get" is deprecated. Use uppercase HTTP method like "GET".', 16384)
 2 APPPATH\Config\Routes.php(78): CodeIgniter\Router\RouteCollection->match([...], 'konfirmasi/(:num)/(:any)', 'Peminjaman::konfirmasi/$1/$2')
 3 SYSTEMPATH\Router\RouteCollection.php(799): CodeIgniter\Router\RouteCollection->{closure}(Object(CodeIgniter\Router\RouteCollection))
 4 APPPATH\Config\Routes.php(61): CodeIgniter\Router\RouteCollection->group('peminjaman', [...], Object(Closure))
 5 SYSTEMPATH\Router\RouteCollection.php(339): require('C:\\xampp\\htdocs\\bukustan\\app\\Config\\Routes.php')
 6 SYSTEMPATH\CodeIgniter.php(821): CodeIgniter\Router\RouteCollection->loadRoutes()
 7 SYSTEMPATH\CodeIgniter.php(455): CodeIgniter\CodeIgniter->tryToRouteIt(null)
 8 SYSTEMPATH\CodeIgniter.php(354): CodeIgniter\CodeIgniter->handleRequest(null, Object(Config\Cache), false)
 9 SYSTEMPATH\Boot.php(363): CodeIgniter\CodeIgniter->run()
10 SYSTEMPATH\Boot.php(68): CodeIgniter\Boot::runCodeIgniter(Object(CodeIgniter\CodeIgniter))
11 FCPATH\index.php(59): CodeIgniter\Boot::bootWeb(Object(Config\Paths))
WARNING - 2026-04-23 20:24:20 --> [DEPRECATED] Passing lowercase HTTP method "post" is deprecated. Use uppercase HTTP method like "POST". in SYSTEMPATH\Router\RouteCollection.php on line 1026.
 1 SYSTEMPATH\Router\RouteCollection.php(1026): trigger_error('Passing lowercase HTTP method "post" is deprecated. Use uppercase HTTP method like "POST".', 16384)
 2 APPPATH\Config\Routes.php(78): CodeIgniter\Router\RouteCollection->match([...], 'konfirmasi/(:num)/(:any)', 'Peminjaman::konfirmasi/$1/$2')
 3 SYSTEMPATH\Router\RouteCollection.php(799): CodeIgniter\Router\RouteCollection->{closure}(Object(CodeIgniter\Router\RouteCollection))
 4 APPPATH\Config\Routes.php(61): CodeIgniter\Router\RouteCollection->group('peminjaman', [...], Object(Closure))
 5 SYSTEMPATH\Router\RouteCollection.php(339): require('C:\\xampp\\htdocs\\bukustan\\app\\Config\\Routes.php')
 6 SYSTEMPATH\CodeIgniter.php(821): CodeIgniter\Router\RouteCollection->loadRoutes()
 7 SYSTEMPATH\CodeIgniter.php(455): CodeIgniter\CodeIgniter->tryToRouteIt(null)
 8 SYSTEMPATH\CodeIgniter.php(354): CodeIgniter\CodeIgniter->handleRequest(null, Object(Config\Cache), false)
 9 SYSTEMPATH\Boot.php(363): CodeIgniter\CodeIgniter->run()
10 SYSTEMPATH\Boot.php(68): CodeIgniter\Boot::runCodeIgniter(Object(CodeIgniter\CodeIgniter))
11 FCPATH\index.php(59): CodeIgniter\Boot::bootWeb(Object(Config\Paths))
DEBUG - 2026-04-23 20:24:20 --> Session: Class initialized using 'CodeIgniter\Session\Handlers\FileHandler' driver.
WARNING - 2026-04-23 20:24:20 --> [DEPRECATED] Passing lowercase HTTP method "get" is deprecated. Use uppercase HTTP method like "GET". in SYSTEMPATH\Router\RouteCollection.php on line 1026.
 1 SYSTEMPATH\Router\RouteCollection.php(1026): trigger_error('Passing lowercase HTTP method "get" is deprecated. Use uppercase HTTP method like "GET".', 16384)
 2 APPPATH\Config\Routes.php(78): CodeIgniter\Router\RouteCollection->match([...], 'konfirmasi/(:num)/(:any)', 'Peminjaman::konfirmasi/$1/$2')
 3 SYSTEMPATH\Router\RouteCollection.php(799): CodeIgniter\Router\RouteCollection->{closure}(Object(CodeIgniter\Router\RouteCollection))
 4 APPPATH\Config\Routes.php(61): CodeIgniter\Router\RouteCollection->group('peminjaman', [...], Object(Closure))
 5 SYSTEMPATH\Router\RouteCollection.php(339): require('C:\\xampp\\htdocs\\bukustan\\app\\Config\\Routes.php')
 6 SYSTEMPATH\CodeIgniter.php(821): CodeIgniter\Router\RouteCollection->loadRoutes()
 7 SYSTEMPATH\CodeIgniter.php(455): CodeIgniter\CodeIgniter->tryToRouteIt(null)
 8 SYSTEMPATH\CodeIgniter.php(354): CodeIgniter\CodeIgniter->handleRequest(null, Object(Config\Cache), false)
 9 SYSTEMPATH\Boot.php(363): CodeIgniter\CodeIgniter->run()
10 SYSTEMPATH\Boot.php(68): CodeIgniter\Boot::runCodeIgniter(Object(CodeIgniter\CodeIgniter))
11 FCPATH\index.php(59): CodeIgniter\Boot::bootWeb(Object(Config\Paths))
WARNING - 2026-04-23 20:24:20 --> [DEPRECATED] Passing lowercase HTTP method "post" is deprecated. Use uppercase HTTP method like "POST". in SYSTEMPATH\Router\RouteCollection.php on line 1026.
 1 SYSTEMPATH\Router\RouteCollection.php(1026): trigger_error('Passing lowercase HTTP method "post" is deprecated. Use uppercase HTTP method like "POST".', 16384)
 2 APPPATH\Config\Routes.php(78): CodeIgniter\Router\RouteCollection->match([...], 'konfirmasi/(:num)/(:any)', 'Peminjaman::konfirmasi/$1/$2')
 3 SYSTEMPATH\Router\RouteCollection.php(799): CodeIgniter\Router\RouteCollection->{closure}(Object(CodeIgniter\Router\RouteCollection))
 4 APPPATH\Config\Routes.php(61): CodeIgniter\Router\RouteCollection->group('peminjaman', [...], Object(Closure))
 5 SYSTEMPATH\Router\RouteCollection.php(339): require('C:\\xampp\\htdocs\\bukustan\\app\\Config\\Routes.php')
 6 SYSTEMPATH\CodeIgniter.php(821): CodeIgniter\Router\RouteCollection->loadRoutes()
 7 SYSTEMPATH\CodeIgniter.php(455): CodeIgniter\CodeIgniter->tryToRouteIt(null)
 8 SYSTEMPATH\CodeIgniter.php(354): CodeIgniter\CodeIgniter->handleRequest(null, Object(Config\Cache), false)
 9 SYSTEMPATH\Boot.php(363): CodeIgniter\CodeIgniter->run()
10 SYSTEMPATH\Boot.php(68): CodeIgniter\Boot::runCodeIgniter(Object(CodeIgniter\CodeIgniter))
11 FCPATH\index.php(59): CodeIgniter\Boot::bootWeb(Object(Config\Paths))
DEBUG - 2026-04-23 20:24:20 --> Session: Class initialized using 'CodeIgniter\Session\Handlers\FileHandler' driver.
WARNING - 2026-04-23 20:24:37 --> [DEPRECATED] Passing lowercase HTTP method "get" is deprecated. Use uppercase HTTP method like "GET". in SYSTEMPATH\Router\RouteCollection.php on line 1026.
 1 SYSTEMPATH\Router\RouteCollection.php(1026): trigger_error('Passing lowercase HTTP method "get" is deprecated. Use uppercase HTTP method like "GET".', 16384)
 2 APPPATH\Config\Routes.php(78): CodeIgniter\Router\RouteCollection->match([...], 'konfirmasi/(:num)/(:any)', 'Peminjaman::konfirmasi/$1/$2')
 3 SYSTEMPATH\Router\RouteCollection.php(799): CodeIgniter\Router\RouteCollection->{closure}(Object(CodeIgniter\Router\RouteCollection))
 4 APPPATH\Config\Routes.php(61): CodeIgniter\Router\RouteCollection->group('peminjaman', [...], Object(Closure))
 5 SYSTEMPATH\Router\RouteCollection.php(339): require('C:\\xampp\\htdocs\\bukustan\\app\\Config\\Routes.php')
 6 SYSTEMPATH\CodeIgniter.php(821): CodeIgniter\Router\RouteCollection->loadRoutes()
 7 SYSTEMPATH\CodeIgniter.php(455): CodeIgniter\CodeIgniter->tryToRouteIt(null)
 8 SYSTEMPATH\CodeIgniter.php(354): CodeIgniter\CodeIgniter->handleRequest(null, Object(Config\Cache), false)
 9 SYSTEMPATH\Boot.php(363): CodeIgniter\CodeIgniter->run()
10 SYSTEMPATH\Boot.php(68): CodeIgniter\Boot::runCodeIgniter(Object(CodeIgniter\CodeIgniter))
11 FCPATH\index.php(59): CodeIgniter\Boot::bootWeb(Object(Config\Paths))
WARNING - 2026-04-23 20:24:37 --> [DEPRECATED] Passing lowercase HTTP method "post" is deprecated. Use uppercase HTTP method like "POST". in SYSTEMPATH\Router\RouteCollection.php on line 1026.
 1 SYSTEMPATH\Router\RouteCollection.php(1026): trigger_error('Passing lowercase HTTP method "post" is deprecated. Use uppercase HTTP method like "POST".', 16384)
 2 APPPATH\Config\Routes.php(78): CodeIgniter\Router\RouteCollection->match([...], 'konfirmasi/(:num)/(:any)', 'Peminjaman::konfirmasi/$1/$2')
 3 SYSTEMPATH\Router\RouteCollection.php(799): CodeIgniter\Router\RouteCollection->{closure}(Object(CodeIgniter\Router\RouteCollection))
 4 APPPATH\Config\Routes.php(61): CodeIgniter\Router\RouteCollection->group('peminjaman', [...], Object(Closure))
 5 SYSTEMPATH\Router\RouteCollection.php(339): require('C:\\xampp\\htdocs\\bukustan\\app\\Config\\Routes.php')
 6 SYSTEMPATH\CodeIgniter.php(821): CodeIgniter\Router\RouteCollection->loadRoutes()
 7 SYSTEMPATH\CodeIgniter.php(455): CodeIgniter\CodeIgniter->tryToRouteIt(null)
 8 SYSTEMPATH\CodeIgniter.php(354): CodeIgniter\CodeIgniter->handleRequest(null, Object(Config\Cache), false)
 9 SYSTEMPATH\Boot.php(363): CodeIgniter\CodeIgniter->run()
10 SYSTEMPATH\Boot.php(68): CodeIgniter\Boot::runCodeIgniter(Object(CodeIgniter\CodeIgniter))
11 FCPATH\index.php(59): CodeIgniter\Boot::bootWeb(Object(Config\Paths))
DEBUG - 2026-04-23 20:24:37 --> Session: Class initialized using 'CodeIgniter\Session\Handlers\FileHandler' driver.
WARNING - 2026-04-23 20:24:37 --> [DEPRECATED] Passing lowercase HTTP method "get" is deprecated. Use uppercase HTTP method like "GET". in SYSTEMPATH\Router\RouteCollection.php on line 1026.
 1 SYSTEMPATH\Router\RouteCollection.php(1026): trigger_error('Passing lowercase HTTP method "get" is deprecated. Use uppercase HTTP method like "GET".', 16384)
 2 APPPATH\Config\Routes.php(78): CodeIgniter\Router\RouteCollection->match([...], 'konfirmasi/(:num)/(:any)', 'Peminjaman::konfirmasi/$1/$2')
 3 SYSTEMPATH\Router\RouteCollection.php(799): CodeIgniter\Router\RouteCollection->{closure}(Object(CodeIgniter\Router\RouteCollection))
 4 APPPATH\Config\Routes.php(61): CodeIgniter\Router\RouteCollection->group('peminjaman', [...], Object(Closure))
 5 SYSTEMPATH\Router\RouteCollection.php(339): require('C:\\xampp\\htdocs\\bukustan\\app\\Config\\Routes.php')
 6 SYSTEMPATH\CodeIgniter.php(821): CodeIgniter\Router\RouteCollection->loadRoutes()
 7 SYSTEMPATH\CodeIgniter.php(455): CodeIgniter\CodeIgniter->tryToRouteIt(null)
 8 SYSTEMPATH\CodeIgniter.php(354): CodeIgniter\CodeIgniter->handleRequest(null, Object(Config\Cache), false)
 9 SYSTEMPATH\Boot.php(363): CodeIgniter\CodeIgniter->run()
10 SYSTEMPATH\Boot.php(68): CodeIgniter\Boot::runCodeIgniter(Object(CodeIgniter\CodeIgniter))
11 FCPATH\index.php(59): CodeIgniter\Boot::bootWeb(Object(Config\Paths))
WARNING - 2026-04-23 20:24:37 --> [DEPRECATED] Passing lowercase HTTP method "post" is deprecated. Use uppercase HTTP method like "POST". in SYSTEMPATH\Router\RouteCollection.php on line 1026.
 1 SYSTEMPATH\Router\RouteCollection.php(1026): trigger_error('Passing lowercase HTTP method "post" is deprecated. Use uppercase HTTP method like "POST".', 16384)
 2 APPPATH\Config\Routes.php(78): CodeIgniter\Router\RouteCollection->match([...], 'konfirmasi/(:num)/(:any)', 'Peminjaman::konfirmasi/$1/$2')
 3 SYSTEMPATH\Router\RouteCollection.php(799): CodeIgniter\Router\RouteCollection->{closure}(Object(CodeIgniter\Router\RouteCollection))
 4 APPPATH\Config\Routes.php(61): CodeIgniter\Router\RouteCollection->group('peminjaman', [...], Object(Closure))
 5 SYSTEMPATH\Router\RouteCollection.php(339): require('C:\\xampp\\htdocs\\bukustan\\app\\Config\\Routes.php')
 6 SYSTEMPATH\CodeIgniter.php(821): CodeIgniter\Router\RouteCollection->loadRoutes()
 7 SYSTEMPATH\CodeIgniter.php(455): CodeIgniter\CodeIgniter->tryToRouteIt(null)
 8 SYSTEMPATH\CodeIgniter.php(354): CodeIgniter\CodeIgniter->handleRequest(null, Object(Config\Cache), false)
 9 SYSTEMPATH\Boot.php(363): CodeIgniter\CodeIgniter->run()
10 SYSTEMPATH\Boot.php(68): CodeIgniter\Boot::runCodeIgniter(Object(CodeIgniter\CodeIgniter))
11 FCPATH\index.php(59): CodeIgniter\Boot::bootWeb(Object(Config\Paths))
DEBUG - 2026-04-23 20:24:37 --> Session: Class initialized using 'CodeIgniter\Session\Handlers\FileHandler' driver.
